Manufacturer,Model,Variant,TOTAL,2005,2004,2003,2002,2001,2000,1999,1998,TOTAL,1997,1996,1995,1994,1993,1992,1991,Pre-1991,Umbral,
Min_Smin_Audi,A2,All,75,5,3,13,16,32,6,0,0,75,0,0,0,0,0,0,0,0,No,
Min_Smin_Austin/Morris,Metro,City,322,0,0,0,0,0,0,0,0,322,0,0,0,0,0,0,0,322,Si,
Min_Smin_Austin/Morris,Metro,L& LE,306,0,0,0,0,0,0,0,0,306,0,0,0,0,0,0,0,306,Si,
Min_Smin_Austin/Morris,Metro,MG,57,0,0,0,0,0,0,0,0,57,0,0,0,0,0,0,0,57,No,
Min_Smin_Austin/Morris,Metro,Other,224,0,0,0,0,0,0,0,0,224,0,0,0,0,0,0,0,224,Si,
Min_Smin_Austin/Morris,Mini,All,234,0,0,0,0,0,0,0,0,234,0,0,0,0,2,0,0,232,Si,
Min_Smin_Austin/Morris,Minor,All,72,0,0,0,0,0,0,0,0,72,0,0,0,0,0,0,0,72,No,
Min_Smin_BMW,Mini,All,768,93,222,227,170,56,0,0,0,768,0,0,0,0,0,0,0,0,Si,
Min_Smin_Chevrolet,Kalos,All,2,2,0,0,0,0,0,0,0,2,0,0,0,0,0,0,0,0,No,
Min_Smin_Chevrolet,Matiz,All,9,9,0,0,0,0,0,0,0,9,0,0,0,0,0,0,0,0,No,
Min_Smin_Citroen,2 CV,All,33,0,0,0,0,0,0,0,0,33,0,0,0,0,0,0,0,33,No,
Min_Smin_Citroen,AX,All,624,0,0,0,0,0,0,0,0,624,10,83,110,85,120,62,61,93,Si,
Min_Smin_Citroen,C2,All,66,3,55,8,0,0,0,0,0,66,0,0,0,0,0,0,0,0,No,
Min_Smin_Citroen,C3,All,138,19,29,67,23,0,0,0,0,138,0,0,0,0,0,0,0,0,Si,
Min_Smin_Citroen,Dyane& LNA& AMI& Visa,All,14,0,0,0,0,0,0,0,0,14,0,0,0,0,0,0,0,14,No,
Min_Smin_Citroen,Saxo,All,1152,0,2,57,130,168,179,211,221,1152,155,29,0,0,0,0,0,0,Si,
Min_Smin_Daewoo,Kalos,All,12,0,7,5,0,0,0,0,0,12,0,0,0,0,0,0,0,0,No,
Min_Smin_Daewoo,Matiz,All,157,2,8,12,16,29,44,36,10,157,0,0,0,0,0,0,0,0,Si,
Min_Smin_Daihatsu,Charade& Domino& Mira,All,77,0,2,0,0,0,2,0,0,77,2,6,2,9,9,16,5,24,No,
Min_Smin_Daihatsu,Cuore,All,14,0,0,2,0,0,0,8,2,14,2,0,0,0,0,0,0,0,No,
Min_Smin_Daihatsu,Sirion,All,10,3,0,0,3,0,2,2,0,10,0,0,0,0,0,0,0,0,No,
Min_Smin_Daihatsu,YRV,All,12,0,0,0,7,5,0,0,0,12,0,0,0,0,0,0,0,0,No,
Min_Smin_Fiat Auto,125& 126& 127& 133& 500& 600& 850,All,59,0,0,0,2,0,0,0,0,59,2,2,0,0,1,7,7,38,No,
Min_Smin_Fiat Auto,Cinquecento,All,254,0,0,0,0,0,0,0,6,254,26,52,70,56,44,0,0,0,Si,
Min_Smin_Fiat Auto,Idea,All,5,0,5,0,0,0,0,0,0,5,0,0,0,0,0,0,0,0,No,
Min_Smin_Fiat Auto,Panda,All,144,9,20,2,0,0,0,0,0,144,0,0,0,11,13,18,7,64,Si,
Min_Smin_Fiat Auto,Punto,All,3051,22,169,192,224,238,286,218,289,3051,303,324,358,428,0,0,0,0,Si,
Min_Smin_Fiat Auto,Seicento,All,105,0,0,3,9,18,24,28,23,105,0,0,0,0,0,0,0,0,Si,
Min_Smin_Fiat Auto,Uno,All,572,0,0,0,0,0,0,0,0,572,0,0,19,106,156,80,37,174,Si,
Min_Smin_Ford Corporation,Anglia& Popular& Prefect,All,17,0,0,0,0,0,0,0,0,17,0,0,0,0,0,0,0,17,No,
Min_Smin_Ford Corporation,Fiesta Classic,All,242,0,0,0,0,1,0,0,0,242,30,196,15,0,0,0,0,0,Si,
Min_Smin_Ford Corporation,Fiesta Mk1& Mk2& Mk3,GHIA,1274,0,0,0,0,0,0,0,0,1274,0,0,36,74,220,196,266,482,Si,
Min_Smin_Ford Corporation,Fiesta Mk1& Mk2& Mk3,L,969,0,0,0,0,0,0,0,0,969,0,0,0,7,24,442,14,482,Si,
Min_Smin_Ford Corporation,Fiesta Mk1& Mk2& Mk3,LX,4065,0,0,0,0,0,0,0,0,4065,0,0,214,521,1086,668,712,864,Si,
Min_Smin_Ford Corporation,Fiesta Mk1& Mk2& Mk3,Popular,2223,0,0,0,0,0,0,0,0,2223,0,0,0,2,0,18,656,1547,Si,
Min_Smin_Ford Corporation,Fiesta Mk1& Mk2& Mk3,S& S I,541,0,0,0,0,0,0,0,0,541,0,0,99,119,0,66,140,117,Si,
Min_Smin_Ford Corporation,Fiesta Mk1& Mk2& Mk3,XR2& XR2I,552,0,0,0,0,0,0,0,0,552,0,0,0,2,56,75,135,284,Si,
Min_Smin_Ford Corporation,Fiesta Mk1& Mk2& Mk3,GL& SX& Other,6571,0,0,0,0,0,0,0,0,6571,0,0,603,1057,2178,1591,784,358,Si,
Min_Smin_Ford Corporation,Fiesta Mk4,Encore,243,0,0,0,0,0,0,9,66,243,100,64,4,0,0,0,0,0,Si,
Min_Smin_Ford Corporation,Fiesta Mk4,GHIA,268,0,0,0,0,0,0,32,59,268,84,91,2,0,0,0,0,0,Si,
Min_Smin_Ford Corporation,Fiesta Mk4,LX,323,0,0,0,0,0,0,13,51,323,102,138,19,0,0,0,0,0,Si,
Min_Smin_Ford Corporation,Fiesta Mk4,SI,76,0,0,0,0,0,0,0,27,76,16,29,4,0,0,0,0,0,No,
Min_Smin_Ford Corporation,Fiesta Mk4,ZETEC,163,0,0,0,0,0,0,89,74,163,0,0,0,0,0,0,0,0,Si,
Min_Smin_Ford Corporation,Fiesta Mk4,Other,362,0,0,0,0,0,0,46,68,362,102,66,80,0,0,0,0,0,Si,
Min_Smin_Ford Corporation,Fiesta Mk5,Encore,34,0,1,1,7,4,17,4,0,34,0,0,0,0,0,0,0,0,No,
Min_Smin_Ford Corporation,Fiesta Mk5,Finesse,224,5,33,59,23,11,87,6,0,224,0,0,0,0,0,0,0,0,Si,
Min_Smin_Ford Corporation,Fiesta Mk5,GHIA,104,20,13,13,10,13,24,11,0,104,0,0,0,0,0,0,0,0,Si,
Min_Smin_Ford Corporation,Fiesta Mk5,LX,164,8,46,71,28,5,6,0,0,164,0,0,0,0,0,0,0,0,Si,
Min_Smin_Ford Corporation,Fiesta Mk5,ZETEC,542,74,65,93,63,56,161,30,0,542,0,0,0,0,0,0,0,0,Si,
Min_Smin_Ford Corporation,Fiesta Mk5,Other,419,55,59,50,78,158,11,8,0,419,0,0,0,0,0,0,0,0,Si,
Min_Smin_Ford Corporation,Fusion,All,91,16,28,44,3,0,0,0,0,91,0,0,0,0,0,0,0,0,Si,
Min_Smin_Ford Corporation,KA& KA 3,All,944,50,83,109,144,161,103,104,96,944,90,4,0,0,0,0,0,0,Si,
Min_Smin_Ford Corporation,Sportka,All,26,3,16,7,0,0,0,0,0,26,0,0,0,0,0,0,0,0,No,
Min_Smin_Ford Corporation,Streetka,All,49,5,20,24,0,0,0,0,0,49,0,0,0,0,0,0,0,0,No,
Min_Smin_Honda,Jazz,All,99,20,42,20,17,0,0,0,0,99,0,0,0,0,0,0,0,0,Si,
Min_Smin_Honda,Logo,All,4,0,0,0,0,0,4,0,0,4,0,0,0,0,0,0,0,0,No,
Min_Smin_Hyundai,Amica,All,34,0,0,0,10,11,13,0,0,34,0,0,0,0,0,0,0,0,No,
Min_Smin_Hyundai,Atoz,All,28,0,0,0,0,0,7,17,4,28,0,0,0,0,0,0,0,0,No,
Min_Smin_Hyundai,Getz,All,40,9,16,15,0,0,0,0,0,40,0,0,0,0,0,0,0,0,No,
Min_Smin_Kia,Pride,All,97,0,0,0,0,0,4,6,2,97,6,8,8,22,20,14,7,0,Si,
Min_Smin_Mazda,121,All,24,0,0,0,0,0,0,0,8,24,2,2,0,0,0,0,2,10,No,
Min_Smin_Mazda,2,All,5,2,0,3,0,0,0,0,0,5,0,0,0,0,0,0,0,0,No,
Min_Smin_Mazda,Demio,All,21,0,0,0,0,7,6,4,4,21,0,0,0,0,0,0,0,0,No,
Min_Smin_Mazda,Premacy,All,21,0,2,3,5,0,7,4,0,21,0,0,0,0,0,0,0,0,No,
Min_Smin_MCC,Smart,All,147,20,37,35,28,23,4,0,0,147,0,0,0,0,0,0,0,0,Si,
Min_Smin_Mercedes,A Class,All,423,11,33,56,49,88,74,91,21,423,0,0,0,0,0,0,0,0,Si,
Min_Smin_Nissan/Datsun,Micra,Colette,232,0,0,0,0,0,0,0,0,232,0,0,0,0,0,0,0,232,Si,
Min_Smin_Nissan/Datsun,Micra,Equation,44,0,0,0,0,0,0,15,29,44,0,0,0,0,0,0,0,0,No,
Min_Smin_Nissan/Datsun,Micra,GL,45,0,0,0,0,0,0,0,0,45,0,0,0,0,0,0,0,45,No,
Min_Smin_Nissan/Datsun,Micra,GS,551,0,0,0,0,0,0,0,0,551,0,0,0,0,0,36,107,408,Si,
Min_Smin_Nissan/Datsun,Micra,GSX,430,0,0,0,0,0,0,0,0,430,0,0,0,0,0,0,72,358,Si,
Min_Smin_Nissan/Datsun,Micra,GX,93,0,0,0,0,2,0,21,31,93,14,25,0,0,0,0,0,0,Si,
Min_Smin_Nissan/Datsun,Micra,L Shape,89,0,0,0,0,0,0,0,8,89,40,41,0,0,0,0,0,0,Si,
Min_Smin_Nissan/Datsun,Micra,L& LX,1319,0,0,0,2,0,0,0,0,1319,0,21,233,254,334,353,0,122,Si,
Min_Smin_Nissan/Datsun,Micra,LS,1395,0,0,0,0,0,0,2,0,1395,0,0,0,0,0,164,408,821,Si,
Min_Smin_Nissan/Datsun,Micra,Profile,30,0,0,0,0,0,15,15,0,30,0,0,0,0,0,0,0,0,No,
Min_Smin_Nissan/Datsun,Micra,S& SE,281,46,47,52,43,54,31,2,0,281,0,6,0,0,0,0,0,0,Si,
Min_Smin_Nissan/Datsun,Micra,SI,6,0,0,0,0,0,0,0,6,6,0,0,0,0,0,0,0,0,No,
Min_Smin_Nissan/Datsun,Micra,SLX,59,0,0,0,0,0,0,0,2,59,2,2,4,13,29,7,0,0,No,
Min_Smin_Nissan/Datsun,Micra,SR,8,0,0,0,0,0,0,0,4,8,4,0,0,0,0,0,0,0,No,
Min_Smin_Nissan/Datsun,Micra,Other,857,13,26,20,42,30,39,57,51,857,28,19,57,161,67,41,5,201,Si,
Min_Smin_Perodua,Kelisa,All,3,3,0,0,0,0,0,0,0,3,0,0,0,0,0,0,0,0,No,
Min_Smin_Peugeot,106,Escapade,52,0,0,0,0,0,0,0,0,52,0,50,2,0,0,0,0,0,No,
Min_Smin_Peugeot,106,GTI,44,0,0,0,2,0,0,9,21,44,12,0,0,0,0,0,0,0,No,
Min_Smin_Peugeot,106,Rallye,6,0,0,0,0,0,0,0,0,6,0,0,2,4,0,0,0,0,No,
Min_Smin_Peugeot,106,XL,50,0,0,0,0,0,0,0,14,50,26,10,0,0,0,0,0,0,No,
Min_Smin_Peugeot,106,XLD,24,0,0,0,0,0,0,0,0,24,14,10,0,0,0,0,0,0,No,
Min_Smin_Peugeot,106,XN,184,0,0,0,0,0,0,0,10,184,24,14,15,13,40,66,2,0,Si,
Min_Smin_Peugeot,106,XND,108,0,0,0,0,0,0,0,2,108,14,6,23,30,33,0,0,0,Si,
Min_Smin_Peugeot,106,XR,104,0,0,0,1,3,6,15,23,104,0,4,0,13,16,18,5,0,Si,
Min_Smin_Peugeot,106,XRD,37,0,0,0,0,0,0,0,2,37,2,4,2,11,16,0,0,0,No,
Min_Smin_Peugeot,106,XS,8,0,0,0,0,0,0,0,2,8,4,2,0,0,0,0,0,0,No,
Min_Smin_Peugeot,106,XSI,29,0,0,0,0,0,0,0,0,29,0,0,0,7,4,18,0,0,No,
Min_Smin_Peugeot,106,XT,26,0,0,0,0,0,0,0,0,26,2,2,0,0,9,11,2,0,No,
Min_Smin_Peugeot,106,XTD,8,0,0,0,0,0,0,0,0,8,2,0,2,2,2,0,0,0,No,
Min_Smin_Peugeot,106,Zest,247,0,0,2,10,11,48,106,70,247,0,0,0,0,0,0,0,0,Si,
Min_Smin_Peugeot,106,Other,491,0,0,10,42,32,24,0,25,491,8,12,133,132,73,0,0,0,Si,
Min_Smin_Peugeot,107,All,0,0,0,0,0,0,0,0,0,0,0,0,0,0,0,0,0,0,No,
Min_Smin_Peugeot,205,GL,75,0,0,0,0,0,0,0,0,75,0,0,0,0,7,11,0,57,No,
Min_Smin_Peugeot,205,GR& XT& Lacoste,73,0,0,0,0,0,0,0,0,73,0,0,0,0,2,11,12,48,No,
Min_Smin_Peugeot,205,GRD& GLD& XLD,172,0,0,0,0,0,0,0,0,172,0,0,0,0,2,11,37,122,Si,
Min_Smin_Peugeot,205,GRDT& XRDT,4,0,0,0,0,0,0,0,0,4,0,0,0,0,4,0,0,0,No,
Min_Smin_Peugeot,205,GT,17,0,0,0,0,0,0,0,0,17,0,0,0,0,0,0,5,12,No,
Min_Smin_Peugeot,205,GTI,138,0,0,0,0,0,0,0,0,138,0,0,0,0,0,7,14,117,Si,
Min_Smin_Peugeot,205,XL,59,0,0,0,0,0,0,0,0,59,0,0,0,0,7,7,12,33,No,
Min_Smin_Peugeot,205,XR,12,0,0,0,0,0,0,0,0,12,0,0,0,0,0,0,0,12,No,
Min_Smin_Peugeot,205,XS,53,0,0,0,0,0,0,0,0,53,0,0,0,0,0,0,5,48,No,
Min_Smin_Peugeot,205,Other& GTX,590,0,0,0,0,0,0,0,0,590,0,19,42,28,60,119,121,201,Si,
Min_Smin_Peugeot,206,All,2190,124,279,340,353,407,330,310,47,2190,0,0,0,0,0,0,0,0,Si,
Min_Smin_Peugeot,1007,All,2,2,0,0,0,0,0,0,0,2,0,0,0,0,0,0,0,0,No,
Min_Smin_Renault,4& 5& 6& 8& 10,All,507,0,0,0,0,0,0,0,0,507,0,8,51,41,38,11,14,344,Si,
Min_Smin_Renault,Clio,Authentique,134,6,21,30,45,32,0,0,0,134,0,0,0,0,0,0,0,0,Si,
Min_Smin_Renault,Clio,Dynamique,360,33,98,74,99,56,0,0,0,360,0,0,0,0,0,0,0,0,Si,
Min_Smin_Renault,Clio,Expression,244,11,37,61,76,59,0,0,0,244,0,0,0,0,0,0,0,0,Si,
Min_Smin_Renault,Clio,RL,497,0,0,0,0,0,2,0,18,497,127,128,70,50,33,48,21,0,Si,
Min_Smin_Renault,Clio,RN,487,0,0,0,0,65,66,93,61,487,26,14,11,41,60,27,23,0,Si,
Min_Smin_Renault,Clio,RT,506,0,0,0,2,0,6,28,29,506,20,29,49,91,82,112,58,0,Si,
Min_Smin_Renault,Clio,Other& Williams,979,41,50,106,104,59,102,72,72,979,26,10,130,80,58,57,12,0,Si,
Min_Smin_Renault,Modus,All,24,14,10,0,0,0,0,0,0,24,0,0,0,0,0,0,0,0,No,
Min_Smin_Rover Cars,100& 111& 114& 115& 1100,All,571,0,0,0,0,0,0,2,37,571,104,165,256,7,0,0,0,0,Si,
Min_Smin_Rover Cars,25,All,603,5,24,59,113,142,251,9,0,603,0,0,0,0,0,0,0,0,Si,
Min_Smin_Rover Cars,Cityrover,All,23,0,23,0,0,0,0,0,0,23,0,0,0,0,0,0,0,0,No,
Min_Smin_Rover Cars,Metro,C,529,0,0,0,0,0,1,0,0,529,0,0,0,24,56,150,222,76,Si,
Min_Smin_Rover Cars,Metro,CD,102,0,0,0,0,0,0,0,0,102,0,0,0,85,16,1,0,0,Si,
Min_Smin_Rover Cars,Metro,L& LE,639,0,0,0,0,0,0,0,0,639,0,0,11,93,111,121,184,119,Si,
Min_Smin_Rover Cars,Metro,LD,80,0,0,0,0,0,0,0,0,80,0,0,6,35,18,21,0,0,Si,
Min_Smin_Rover Cars,Metro,S I,121,0,0,0,0,0,0,0,0,121,0,0,2,46,73,0,0,0,Si,
Min_Smin_Rover Cars,Metro,S& SD,1010,0,0,0,0,0,0,0,0,1010,1,0,25,165,189,319,196,115,Si,
Min_Smin_Rover Cars,Metro,SL,98,0,0,0,0,0,0,0,0,98,0,0,0,0,0,25,63,10,Si,
Min_Smin_Rover Cars,Metro,Other,2244,0,0,0,0,0,0,3,0,2244,2,0,49,640,641,360,203,346,Si,
Min_Smin_Rover Cars,Mini,All,327,0,0,0,0,4,15,9,14,327,10,8,15,52,33,66,63,38,Si,
Min_Smin_Rover Cars,Streetwise,All,14,0,11,3,0,0,0,0,0,14,0,0,0,0,0,0,0,0,No,
Min_Smin_Seat,Arosa,All,40,0,8,5,7,4,0,4,10,40,2,0,0,0,0,0,0,0,No,
Min_Smin_Seat,Marbella& Terra,All,39,0,0,0,0,0,0,0,0,39,0,0,0,7,9,9,7,7,No,
Min_Smin_Skoda,Fabia,All,164,20,15,29,31,32,37,0,0,164,0,0,0,0,0,0,0,0,Si,
Min_Smin_Subaru,Justy,All,65,0,0,0,0,0,0,0,0,65,8,4,6,11,4,18,9,5,No,
Min_Smin_Suzuki,Alto& Swift,All,272,11,23,19,16,20,18,17,21,272,14,21,32,4,7,18,7,24,Si,
Min_Smin_Suzuki,Ignis,All,22,0,7,2,7,4,2,0,0,22,0,0,0,0,0,0,0,0,No,
Min_Smin_Suzuki,Wagon R+,All,45,2,0,7,10,7,4,13,2,45,0,0,0,0,0,0,0,0,No,
Min_Smin_Talbot,Samba& Sunbeam,All,0,0,0,0,0,0,0,0,0,0,0,0,0,0,0,0,0,0,No,
Min_Smin_Toyota,1000& Starlet,All,87,1,0,3,0,0,0,9,21,87,18,4,2,2,2,2,9,14,Si,
Min_Smin_Toyota,Aygo,All,2,2,0,0,0,0,0,0,0,2,0,0,0,0,0,0,0,0,No,
Min_Smin_Toyota,Yaris,All,422,43,72,93,54,57,59,44,0,422,0,0,0,0,0,0,0,0,Si,
Min_Smin_Toyota,Yaris Verso,All,9,0,3,0,2,4,0,0,0,9,0,0,0,0,0,0,0,0,No,
Min_Smin_Vauxhall,Agila,All,32,2,5,7,7,7,4,0,0,32,0,0,0,0,0,0,0,0,No,
Min_Smin_Vauxhall,Chevette,All,5,0,0,0,0,0,0,0,0,5,0,0,0,0,0,0,0,5,No,
Min_Smin_Vauxhall,Corsa,CDX,32,0,0,0,0,0,6,6,2,32,0,12,6,0,0,0,0,0,No,
Min_Smin_Vauxhall,Corsa,Elegance,53,0,0,35,14,2,2,0,0,53,0,0,0,0,0,0,0,0,No,
Min_Smin_Vauxhall,Corsa,Envoy,195,0,0,0,0,0,107,84,4,195,0,0,0,0,0,0,0,0,Si,
Min_Smin_Vauxhall,Corsa,GLS,327,0,0,8,16,27,37,25,29,327,20,12,13,67,73,0,0,0,Si,
Min_Smin_Vauxhall,Corsa,GSI,49,0,0,0,0,0,0,0,0,49,0,0,6,39,4,0,0,0,No,
Min_Smin_Vauxhall,Corsa,LS,2012,0,0,0,0,0,0,2,41,2012,66,130,286,710,777,0,0,0,Si,
Min_Smin_Vauxhall,Corsa,Merit,1356,0,0,0,3,0,0,0,49,1356,58,78,309,499,360,0,0,0,Si,
Min_Smin_Vauxhall,Corsa,SRI,228,6,10,7,7,7,0,0,0,228,0,0,28,98,65,0,0,0,Si,
Min_Smin_Vauxhall,Corsa,Other,2852,197,388,321,351,292,153,190,107,2852,155,157,239,226,76,0,0,0,Si,
Min_Smin_Vauxhall,Nova,Merit,1382,0,0,0,0,0,0,0,0,1382,0,0,0,0,118,303,266,695,Si,
Min_Smin_Vauxhall,Nova,SR,174,0,0,0,0,0,0,0,0,174,0,0,0,0,0,27,56,91,Si,
Min_Smin_Vauxhall,Nova,SR I,32,0,0,0,0,0,0,0,0,32,0,0,0,0,11,21,0,0,No,
Min_Smin_Vauxhall,Nova,SX,50,0,0,0,0,0,0,0,0,50,0,0,0,0,16,34,0,0,No,
Min_Smin_Vauxhall,Nova,Other& S,1904,0,0,0,0,0,0,0,0,1904,0,0,0,7,162,485,357,893,Si,
Min_Smin_Volkswagen,Beetle,All,302,9,33,42,31,38,57,8,0,302,0,0,0,2,0,3,0,79,Si,
Min_Smin_Volkswagen,Lupo,All,92,2,3,12,12,27,17,19,0,92,0,0,0,0,0,0,0,0,Si,
Min_Smin_Volkswagen,Polo,C,294,0,0,0,0,0,0,0,0,294,0,0,0,0,0,0,0,294,Si,
Min_Smin_Volkswagen,Polo,CL& CX,710,0,0,0,0,0,7,87,63,710,92,72,36,28,51,57,114,103,Si,
Min_Smin_Volkswagen,Polo,E,201,20,18,37,33,47,46,0,0,201,0,0,0,0,0,0,0,0,Si,
Min_Smin_Volkswagen,Polo,GL,44,0,0,0,0,0,0,2,10,44,8,6,6,2,0,0,0,10,No,
Min_Smin_Volkswagen,Polo,GLX,13,0,0,0,0,0,0,0,0,13,0,2,11,0,0,0,0,0,No,
Min_Smin_Volkswagen,Polo,GTI,21,0,0,0,0,4,17,0,0,21,0,0,0,0,0,0,0,0,No,
Min_Smin_Volkswagen,Polo,L& LS& LX,388,0,0,0,0,2,6,61,84,388,80,85,66,4,0,0,0,0,Si,
Min_Smin_Volkswagen,Polo,S,179,8,15,34,49,25,48,0,0,179,0,0,0,0,0,0,0,0,Si,
Min_Smin_Volkswagen,Polo,SE,117,3,3,17,10,27,30,0,0,117,2,25,0,0,0,0,0,0,Si,
Min_Smin_Volkswagen,Polo,Other,647,19,108,24,2,65,18,11,10,647,16,0,4,43,49,32,33,213,Si,
Sm_Sal_Alfa Romeo,147,All,91,10,6,13,29,33,0,0,0,91,0,0,0,0,0,0,0,0,Si,
Sm_Sal_Alfa Romeo,33& 145& 146& 1750& Arna,All,72,0,0,1,0,0,8,8,10,72,12,16,11,0,0,0,2,4,No,
Sm_Sal_Audi,A3,All,612,78,117,53,36,72,51,67,90,612,46,2,0,0,0,0,0,0,Si,
Sm_Sal_Austin/Morris,1100& 1300& Cowley& Oxford,All,0,0,0,0,0,0,0,0,0,0,0,0,0,0,0,0,0,0,No,
Sm_Sal_Austin/Morris,Allegro& Ital,All,14,0,0,0,0,0,0,0,0,14,0,0,0,0,0,0,0,14,No,
Sm_Sal_Austin/Morris,Maestro,L& LE,85,0,0,0,0,0,0,0,0,85,0,0,0,0,0,0,0,85,Si,
Sm_Sal_Austin/Morris,Maestro,Other& HL& HLE& HLS& MG,113,0,0,0,0,0,0,0,0,113,0,0,0,0,0,0,0,113,Si,
Sm_Sal_Austin/Morris,Marina& Maxi,All,4,0,0,0,0,0,0,0,0,4,0,0,0,0,0,0,0,4,No,
Sm_Sal_BMW,1 Series,All,61,48,13,0,0,0,0,0,0,61,0,0,0,0,0,0,0,0,No,
Sm_Sal_Chevrolet,Lacetti,All,1,1,0,0,0,0,0,0,0,1,0,0,0,0,0,0,0,0,No,
Sm_Sal_Chevrolet,Tacuma,All,1,1,0,0,0,0,0,0,0,1,0,0,0,0,0,0,0,0,No,
Sm_Sal_Citroen,C4,All,22,22,0,0,0,0,0,0,0,22,0,0,0,0,0,0,0,0,No,
Sm_Sal_Citroen,Xsara,Other,237,0,9,9,20,47,59,38,48,237,7,0,0,0,0,0,0,0,Si,
Sm_Sal_Citroen,ZX,All,525,0,0,0,0,0,0,0,3,525,22,31,73,119,153,103,21,0,Si,
Sm_Sal_Daewoo,Lacetti,All,4,1,3,0,0,0,0,0,0,4,0,0,0,0,0,0,0,0,No,
Sm_Sal_Daewoo,Lanos,All,167,0,0,1,9,3,33,46,60,167,15,0,0,0,0,0,0,0,Si,
Sm_Sal_Daewoo,Nexia,All,166,0,0,0,0,0,0,0,3,166,51,73,39,0,0,0,0,0,Si,
Sm_Sal_Daihatsu,Applause,All,12,0,0,0,0,0,0,0,0,12,0,0,0,0,2,2,4,4,No,
Sm_Sal_Fiat Auto,Brava,All,460,0,0,0,0,36,45,67,75,460,111,126,0,0,0,0,0,0,Si,
Sm_Sal_Fiat Auto,Bravo,All,331,0,0,0,6,34,37,42,92,331,41,70,9,0,0,0,0,0,Si,
Sm_Sal_Fiat Auto,Stilo,All,134,6,32,41,55,0,0,0,0,134,0,0,0,0,0,0,0,0,Si,
Sm_Sal_Fiat Auto,Strada& Tipo,All,251,0,0,0,0,0,0,0,0,251,0,0,54,57,39,36,25,40,Si,
Sm_Sal_Ford Corporation,Escort Mk1,All,38,0,0,0,0,0,0,0,0,38,0,0,0,0,0,0,0,38,No,
Sm_Sal_Ford Corporation,Escort Mk2,All,34,0,0,0,0,0,0,0,0,34,0,0,0,0,0,0,0,34,No,
Sm_Sal_Ford Corporation,Escort Mk3,GHIA,299,0,0,0,0,0,0,0,0,299,0,0,0,0,0,0,0,299,Si,
Sm_Sal_Ford Corporation,Escort Mk3,GL,216,0,0,0,0,0,0,0,0,216,0,0,0,0,0,0,0,216,Si,
Sm_Sal_Ford Corporation,Escort Mk3,L,1086,0,0,0,0,0,0,0,0,1086,0,0,0,0,0,0,0,1086,Si,
Sm_Sal_Ford Corporation,Escort Mk3,LX,232,0,0,0,0,0,0,0,0,232,0,0,0,0,0,0,0,232,Si,
Sm_Sal_Ford Corporation,Escort Mk3,Popular,416,0,0,0,0,0,0,0,0,416,0,0,0,0,0,0,0,416,Si,
Sm_Sal_Ford Corporation,Escort Mk3,XR3& XR3 I,230,0,0,0,0,0,0,0,0,230,0,0,0,0,0,0,0,230,Si,
Sm_Sal_Ford Corporation,Escort Mk3,Other,1183,0,0,0,0,0,0,0,0,1183,0,0,0,0,0,0,0,1183,Si,
Sm_Sal_Ford Corporation,Escort Mk4,GHIA,467,0,0,0,0,0,0,0,0,467,0,0,2,86,119,122,120,18,Si,
Sm_Sal_Ford Corporation,Escort Mk4,GLX,115,0,0,0,0,0,0,0,0,115,0,0,0,0,0,0,103,12,Si,
Sm_Sal_Ford Corporation,Escort Mk4,L,871,0,0,0,0,0,0,0,0,871,0,0,5,175,237,224,175,55,Si,
Sm_Sal_Ford Corporation,Escort Mk4,LX,2802,0,0,0,0,0,0,0,0,2802,0,0,32,480,969,787,423,111,Si,
Sm_Sal_Ford Corporation,Escort Mk4,Popular,202,0,0,0,0,0,0,0,0,202,0,0,0,0,0,11,167,24,Si,
Sm_Sal_Ford Corporation,Escort Mk4,RS Cosworth& GTI,12,0,0,0,0,0,0,0,0,12,0,0,0,4,6,2,0,0,No,
Sm_Sal_Ford Corporation,Escort Mk4,SI,55,0,0,0,0,0,0,0,0,55,0,0,2,20,4,0,29,0,No,
Sm_Sal_Ford Corporation,Escort Mk4,XR3& XR3I,129,0,0,0,0,0,0,0,0,129,0,0,0,4,45,53,17,10,Si,
Sm_Sal_Ford Corporation,Escort Mk4,Other,2352,0,0,0,0,0,0,0,0,2352,0,0,41,367,717,620,468,139,Si,
Sm_Sal_Ford Corporation,Escort Mk5,CL,62,0,0,0,0,0,0,3,40,62,19,0,0,0,0,0,0,0,No,
Sm_Sal_Ford Corporation,Escort Mk5,Encore,431,0,0,0,0,0,2,2,30,431,109,152,136,0,0,0,0,0,Si,
Sm_Sal_Ford Corporation,Escort Mk5,GHIA,132,0,0,0,0,0,0,2,8,132,36,47,39,0,0,0,0,0,Si,
Sm_Sal_Ford Corporation,Escort Mk5,L,99,0,0,0,2,0,0,0,2,99,17,23,55,0,0,0,0,0,Si,
Sm_Sal_Ford Corporation,Escort Mk5,LX,764,0,0,0,0,2,0,10,124,764,149,199,280,0,0,0,0,0,Si,
Sm_Sal_Ford Corporation,Escort Mk5,RS Cosworth& GTI,94,0,0,0,0,2,0,0,63,94,29,0,0,0,0,0,0,0,Si,
Sm_Sal_Ford Corporation,Escort Mk5,SI,242,0,0,0,0,0,0,2,57,242,43,72,68,0,0,0,0,0,Si,
Sm_Sal_Ford Corporation,Escort Mk5,Other,716,0,4,1,6,8,75,119,127,716,77,145,154,0,0,0,0,0,Si,
Sm_Sal_Ford Corporation,Focus,All,3058,251,496,529,444,466,464,375,33,3058,0,0,0,0,0,0,0,0,Si,
Sm_Sal_Ford Corporation,Orion,GHIA,539,0,0,0,0,0,0,0,0,539,0,0,0,15,114,95,95,220,Si,
Sm_Sal_Ford Corporation,Orion,GL,176,0,0,0,0,0,0,0,0,176,0,0,0,0,0,0,16,160,Si,
Sm_Sal_Ford Corporation,Orion,GLX,56,0,0,0,0,0,0,0,0,56,0,0,0,0,0,2,50,4,No,
Sm_Sal_Ford Corporation,Orion,L,230,0,0,0,0,0,0,0,0,230,0,0,0,0,0,0,6,224,Si,
Sm_Sal_Ford Corporation,Orion,LX,797,0,0,0,0,0,0,0,0,797,2,2,2,2,214,243,182,150,Si,
Sm_Sal_Ford Corporation,Orion,Other& GLS,382,0,0,0,0,0,0,0,0,382,2,0,0,0,112,51,76,141,Si,
Sm_Sal_Honda,Ballade,All,28,0,0,0,0,0,0,0,0,28,0,0,0,0,0,0,0,28,No,
Sm_Sal_Honda,Civic,All,3283,64,141,127,112,73,86,114,130,3283,167,126,393,573,462,367,130,218,Si,
Sm_Sal_Honda,Concerto,All,204,0,0,0,0,0,0,0,2,204,2,0,0,11,20,40,82,47,Si,
Sm_Sal_Hyundai,Accent,All,273,0,0,9,8,16,25,20,58,273,65,45,27,0,0,0,0,0,Si,
Sm_Sal_Hyundai,Pony& X2,All,86,0,0,0,0,0,0,0,0,86,0,0,5,15,26,8,12,20,Si,
Sm_Sal_Kia,Cerato,All,4,4,0,0,0,0,0,0,0,4,0,0,0,0,0,0,0,0,No,
Sm_Sal_Kia,Mentor,All,30,0,0,0,0,0,0,3,2,30,9,9,7,0,0,0,0,0,No,
Sm_Sal_Kia,Picanto,All,14,11,3,0,0,0,0,0,0,14,0,0,0,0,0,0,0,0,No,
Sm_Sal_Kia,Rio,All,52,3,13,15,12,9,0,0,0,52,0,0,0,0,0,0,0,0,No,
Sm_Sal_Lada,Riva,All,10,0,0,0,0,0,0,0,0,10,2,0,0,2,2,2,2,0,No,
Sm_Sal_Lada,Samara,All,15,0,0,0,0,0,0,0,0,15,2,5,2,0,2,2,2,0,No,
Sm_Sal_Lancia,Beta& Coupe& Delta& Hpe& Prisma,All,16,0,0,0,0,0,0,0,0,16,0,0,0,0,0,0,4,12,No,
Sm_Sal_Mazda,3,All,35,15,20,0,0,0,0,0,0,35,0,0,0,0,0,0,0,0,No,
Sm_Sal_Mazda,323& 1300,All,667,0,0,1,9,2,11,15,32,667,44,42,39,38,56,59,111,208,Si,
Sm_Sal_MG,ZR,All,542,21,95,163,179,84,0,0,0,542,0,0,0,0,0,0,0,0,Si,
Sm_Sal_Mitsubishi/Colt,Colt& Cordia& Tredia,All,2,0,0,0,0,0,0,0,0,2,0,2,0,0,0,0,0,0,No,
Sm_Sal_Mitsubishi/Colt,Colt Space Star,All,12,0,0,0,0,2,5,5,0,12,0,0,0,0,0,0,0,0,No,
Sm_Sal_Mitsubishi/Colt,Space Star,All,24,4,4,4,6,6,0,0,0,24,0,0,0,0,0,0,0,0,No,
Sm_Sal_Nissan/Datsun,Almera,All (Excluding Tino),476,38,42,53,47,51,40,34,32,476,63,58,18,0,0,0,0,0,Si,
Sm_Sal_Nissan/Datsun,Cherry,All,46,0,0,0,0,0,0,0,0,46,0,0,0,0,0,0,0,46,No,
Sm_Sal_Nissan/Datsun,Sunny,100 NX,72,0,0,0,0,0,0,2,2,72,2,0,11,13,17,23,2,0,No,
Sm_Sal_Nissan/Datsun,Sunny,GS,166,0,0,0,0,0,0,0,0,166,0,0,0,0,0,10,23,133,Si,
Sm_Sal_Nissan/Datsun,Sunny,GSX,44,0,0,0,0,0,0,0,0,44,0,0,0,0,0,0,0,44,No,
Sm_Sal_Nissan/Datsun,Sunny,GTI& GTIR,5,0,0,0,0,0,1,0,2,5,0,0,0,0,2,0,0,0,No,
Sm_Sal_Nissan/Datsun,Sunny,L,130,0,0,0,0,0,0,0,0,130,0,0,5,5,22,84,0,14,Si,
Sm_Sal_Nissan/Datsun,Sunny,LS,433,0,0,0,0,0,0,0,0,433,0,0,0,0,0,32,132,269,Si,
Sm_Sal_Nissan/Datsun,Sunny,LX,517,0,0,0,0,0,0,0,0,517,0,2,23,68,164,129,4,127,Si,
Sm_Sal_Nissan/Datsun,Sunny,SGL,24,0,0,0,0,0,0,0,0,24,0,0,0,0,0,0,0,24,No,
Sm_Sal_Nissan/Datsun,Sunny,SLX,155,0,0,0,0,0,0,0,0,155,0,0,2,20,30,61,0,42,Si,
Sm_Sal_Nissan/Datsun,Sunny,Other& GL& SGX,465,0,0,0,0,0,0,2,0,465,0,0,79,86,127,6,10,155,Si,
Sm_Sal_Peugeot,306,Cabriolet& Roadster,86,0,0,0,3,6,16,10,13,86,10,10,11,7,0,0,0,0,Si,
Sm_Sal_Peugeot,306,D,372,0,0,0,0,0,25,47,84,372,73,44,84,15,0,0,0,0,Si,
Sm_Sal_Peugeot,306,GLX,67,0,0,0,0,5,10,13,13,67,26,0,0,0,0,0,0,0,No,
Sm_Sal_Peugeot,306,GTI-6,51,0,0,0,0,0,6,8,18,51,19,0,0,0,0,0,0,0,No,
Sm_Sal_Peugeot,306,L,46,0,0,0,0,5,8,13,10,46,10,0,0,0,0,0,0,0,No,
Sm_Sal_Peugeot,306,LX,236,0,0,0,0,11,40,54,80,236,51,0,0,0,0,0,0,0,Si,
Sm_Sal_Peugeot,306,SL& SLDT,10,0,0,0,0,0,0,0,0,10,0,3,5,2,0,0,0,0,No,
Sm_Sal_Peugeot,306,ST& STDT,4,0,0,0,0,0,0,0,0,4,0,0,4,0,0,0,0,0,No,
Sm_Sal_Peugeot,306,Style,14,0,0,0,0,0,0,0,0,14,12,2,0,0,0,0,0,0,No,
Sm_Sal_Peugeot,306,XL,114,0,0,0,0,0,0,0,0,114,3,10,20,53,28,0,0,0,Si,
Sm_Sal_Peugeot,306,XLD,120,0,0,0,0,0,0,0,0,120,3,30,29,38,20,0,0,0,Si,
Sm_Sal_Peugeot,306,XLDT,43,0,0,0,0,0,0,0,0,43,2,17,13,11,0,0,0,0,No,
Sm_Sal_Peugeot,306,XN,65,0,0,0,0,0,0,0,0,65,0,0,21,31,13,0,0,0,No,
Sm_Sal_Peugeot,306,XND,50,0,0,0,0,0,0,0,0,50,0,10,11,22,7,0,0,0,No,
Sm_Sal_Peugeot,306,XR,47,0,0,0,0,0,0,0,0,47,0,7,5,16,19,0,0,0,No,
Sm_Sal_Peugeot,306,XRDT,70,0,0,0,0,0,0,0,0,70,2,10,27,18,13,0,0,0,No,
Sm_Sal_Peugeot,306,XS,49,0,0,0,0,2,6,7,3,49,5,10,7,9,0,0,0,0,No,
Sm_Sal_Peugeot,306,XSI,93,0,0,0,0,0,5,5,13,93,15,26,11,18,0,0,0,0,Si,
Sm_Sal_Peugeot,306,XT,41,0,0,0,0,0,0,0,0,41,2,9,5,18,7,0,0,0,No,
Sm_Sal_Peugeot,306,XTDT,42,0,0,0,0,0,0,0,0,42,2,5,13,15,7,0,0,0,No,
Sm_Sal_Peugeot,306,Other,373,0,0,0,8,36,54,62,57,373,43,38,25,37,13,0,0,0,Si,
Sm_Sal_Peugeot,307,All,664,76,171,145,185,87,0,0,0,664,0,0,0,0,0,0,0,0,Si,
Sm_Sal_Peugeot,309,All,362,0,0,0,0,0,0,0,0,362,0,0,0,0,35,49,82,196,Si,
Sm_Sal_Proton,GE& GL,All,103,0,0,0,0,0,0,0,0,103,0,7,13,16,15,30,14,8,Si,
Sm_Sal_Proton,GLS,All,51,0,0,0,0,0,0,0,0,51,0,2,4,7,9,13,8,8,No,
Sm_Sal_Proton,Persona,All,161,0,0,0,0,2,2,26,18,161,38,24,23,24,4,0,0,0,Si,
Sm_Sal_Proton,Prism& SE& SL,All,60,0,0,0,0,0,0,0,0,60,0,5,14,4,17,10,2,8,No,
Sm_Sal_Proton,Satria,All,8,0,0,0,2,3,3,0,0,8,0,0,0,0,0,0,0,0,No,
Sm_Sal_Proton,Wira,All,16,0,0,3,0,5,8,0,0,16,0,0,0,0,0,0,0,0,No,
Sm_Sal_Renault,9,All,14,0,0,0,0,0,0,0,0,14,0,0,0,0,0,0,0,14,No,
Sm_Sal_Renault,11& 12& 14& 15& 16,All,16,0,0,0,0,0,0,0,0,16,0,0,0,0,0,0,0,16,No,
Sm_Sal_Renault,19,All,550,0,0,0,0,0,0,2,0,550,0,7,57,93,125,105,54,107,Si,
Sm_Sal_Renault,Megane,Cabriolet,35,0,0,0,2,3,5,2,18,35,5,0,0,0,0,0,0,0,No,
Sm_Sal_Renault,Megane,Classic,55,0,0,0,0,0,0,18,13,55,22,2,0,0,0,0,0,0,No,
Sm_Sal_Renault,Megane,Coupe,65,0,0,0,11,0,2,5,13,65,10,24,0,0,0,0,0,0,No,
Sm_Sal_Renault,Megane,Other,1027,76,125,74,59,103,86,114,127,1027,149,114,0,0,0,0,0,0,Si,
Sm_Sal_Rover Cars,45,All,155,0,10,15,24,39,67,0,0,155,0,0,0,0,0,0,0,0,Si,
Sm_Sal_Rover Cars,200,All,37,0,0,0,0,0,2,15,15,37,5,0,0,0,0,0,0,0,No,
Sm_Sal_Rover Cars,211,All,25,0,0,0,0,0,0,8,17,25,0,0,0,0,0,0,0,0,No,
Sm_Sal_Rover Cars,213,All,47,0,0,0,0,0,0,0,0,47,0,0,0,0,0,0,0,47,No,
Sm_Sal_Rover Cars,214,All,1866,0,0,0,0,0,6,59,130,1866,152,133,188,230,255,304,231,178,Si,
Sm_Sal_Rover Cars,216,All,998,0,0,0,0,0,8,33,50,998,85,114,36,80,136,175,148,133,Si,
Sm_Sal_Rover Cars,218,All,249,0,0,0,0,0,0,0,17,249,10,2,50,78,50,25,17,0,Si,
Sm_Sal_Rover Cars,220,All,324,0,0,0,0,0,0,28,38,324,41,52,29,49,65,8,14,0,Si,
Sm_Sal_Rover Cars,414,All,543,0,0,0,0,2,5,28,50,543,67,80,66,55,69,36,41,44,Si,
Sm_Sal_Rover Cars,416,All,961,0,0,0,0,0,3,70,95,961,123,131,134,62,69,95,116,63,Si,
Sm_Sal_Rover Cars,418,All,79,0,0,0,0,0,0,0,0,79,0,0,14,24,20,15,6,0,Si,
Sm_Sal_Rover Cars,420,All,298,0,0,0,0,0,0,28,57,298,73,75,4,16,22,23,0,0,Si,
Sm_Sal_Rover Cars,Maestro,All,230,0,0,0,0,0,0,0,2,230,0,0,0,44,52,30,37,65,Si,
Sm_Sal_Rover Cars,Tourer,All,29,0,0,0,0,0,0,0,2,29,2,12,9,4,0,0,0,0,No,
Sm_Sal_Seat,Cordoba,All,39,1,0,0,0,0,0,5,5,39,10,3,4,11,0,0,0,0,No,
Sm_Sal_Seat,Ibiza,All,291,7,20,21,17,20,21,11,18,291,22,23,21,49,13,6,10,12,Si,
Sm_Sal_Seat,Leon,All,143,18,23,37,26,34,5,0,0,143,0,0,0,0,0,0,0,0,Si,
Sm_Sal_Skoda,Combi& Estelle& Rapid& S,All,4,0,0,0,0,0,0,0,0,4,0,0,0,0,0,0,2,2,No,
Sm_Sal_Skoda,Favorit,All,126,0,0,0,0,0,0,0,0,126,0,0,30,35,20,21,10,10,Si,
Sm_Sal_Skoda,Felicia,All,156,0,0,0,0,2,11,24,15,156,48,38,18,0,0,0,0,0,Si,
Sm_Sal_Subaru,Impreza,All,572,49,66,78,45,54,57,41,28,572,38,45,20,42,9,0,0,0,Si,
Sm_Sal_Suzuki,Baleno,All,54,0,0,0,0,0,2,7,5,54,10,14,16,0,0,0,0,0,No,
Sm_Sal_Talbot,Avenger& Horizon& Hunter,All,4,0,0,0,0,0,0,0,0,4,0,0,0,0,0,0,0,4,No,
Sm_Sal_Toyota,Corolla,All,1236,35,42,31,64,17,32,49,58,1236,22,33,45,89,106,93,116,404,Si,
Sm_Sal_Toyota,Prius,All,7,1,3,0,0,3,0,0,0,7,0,0,0,0,0,0,0,0,No,
Sm_Sal_Triumph,Acclaim,All,6,0,0,0,0,0,0,0,0,6,0,0,0,0,0,0,0,6,No,
Sm_Sal_Triumph,Herald,All,18,0,0,0,0,0,0,0,0,18,0,0,0,0,0,0,0,18,No,
Sm_Sal_Vauxhall,Astra Mk1,All,18,0,0,0,0,0,0,0,0,18,0,0,0,0,0,0,0,18,No,
Sm_Sal_Vauxhall,Astra Mk2,GL,245,0,0,0,0,0,0,0,0,245,0,0,0,0,0,0,35,210,Si,
Sm_Sal_Vauxhall,Astra Mk2,GTE,110,0,0,0,0,0,0,0,0,110,0,0,0,0,0,0,23,87,Si,
Sm_Sal_Vauxhall,Astra Mk2,L,1036,0,0,0,0,0,0,0,0,1036,0,0,0,0,0,0,322,714,Si,
Sm_Sal_Vauxhall,Astra Mk2,LX,102,0,0,0,0,0,0,0,0,102,0,0,0,0,0,0,41,61,Si,
Sm_Sal_Vauxhall,Astra Mk2,SR& SRI,36,0,0,0,0,0,0,0,0,36,0,0,0,0,0,0,0,36,No,
Sm_Sal_Vauxhall,Astra Mk2,SX& SXI,62,0,0,0,0,0,0,0,0,62,0,0,0,0,0,0,58,4,No,
Sm_Sal_Vauxhall,Astra Mk2,Other,1271,0,0,0,0,0,0,0,0,1271,0,0,0,0,0,0,361,910,Si,
Sm_Sal_Vauxhall,Astra Mk3,GLS,556,0,0,0,0,0,0,0,7,556,31,26,66,71,162,183,10,0,Si,
Sm_Sal_Vauxhall,Astra Mk3,GSI,38,0,0,0,0,0,0,0,0,38,2,0,0,5,6,21,4,0,No,
Sm_Sal_Vauxhall,Astra Mk3,L,16,0,0,0,0,0,0,0,0,16,0,0,0,0,0,4,12,0,No,
Sm_Sal_Vauxhall,Astra Mk3,LS,1452,0,0,0,0,0,0,0,32,1452,125,129,145,142,319,504,56,0,Si,
Sm_Sal_Vauxhall,Astra Mk3,Merit,1497,0,0,0,0,0,0,0,10,1497,87,101,145,268,486,359,41,0,Si,
Sm_Sal_Vauxhall,Astra Mk3,SI,87,0,0,0,0,0,0,0,0,87,0,0,0,0,15,68,4,0,Si,
Sm_Sal_Vauxhall,Astra Mk3,SR& SRI,50,0,0,0,0,0,0,0,0,50,0,0,2,0,4,44,0,0,No,
Sm_Sal_Vauxhall,Astra Mk3,Other,938,0,0,0,0,0,0,0,15,938,96,80,86,141,248,262,10,0,Si,
Sm_Sal_Vauxhall,Astra Mk4,Active,13,0,6,7,0,0,0,0,0,13,0,0,0,0,0,0,0,0,No,
Sm_Sal_Vauxhall,Astra Mk4,CD,105,2,0,0,2,12,35,36,18,105,0,0,0,0,0,0,0,0,Si,
Sm_Sal_Vauxhall,Astra Mk4,CDX,30,0,0,0,0,3,11,8,8,30,0,0,0,0,0,0,0,0,No,
Sm_Sal_Vauxhall,Astra Mk4,Club,591,69,83,83,111,82,78,60,25,591,0,0,0,0,0,0,0,0,Si,
Sm_Sal_Vauxhall,Astra Mk4,Envoy,346,1,6,25,32,42,80,103,57,346,0,0,0,0,0,0,0,0,Si,
Sm_Sal_Vauxhall,Astra Mk4,LS,673,0,17,46,68,73,123,212,134,673,0,0,0,0,0,0,0,0,Si,
Sm_Sal_Vauxhall,Astra Mk4,Sport,77,4,6,0,0,0,11,26,30,77,0,0,0,0,0,0,0,0,Si,
Sm_Sal_Vauxhall,Astra Mk4,SRI 16V,115,11,33,16,12,17,11,10,5,115,0,0,0,0,0,0,0,0,Si,
Sm_Sal_Vauxhall,Astra Mk4,Other,699,164,137,111,112,82,49,16,28,699,0,0,0,0,0,0,0,0,Si,
Sm_Sal_Vauxhall,Belmont& Kadett,All,449,0,0,1,0,0,2,0,0,449,0,0,0,0,0,2,74,370,Si,
Sm_Sal_Volkswagen,411& 412& 1600& K70,All,3,0,0,0,3,0,0,0,0,3,0,0,0,0,0,0,0,0,No,
Sm_Sal_Volkswagen,Golf Mk1,All,69,0,0,0,0,0,0,0,0,69,0,0,0,0,0,0,0,69,No,
Sm_Sal_Volkswagen,Golf Mk2,C,71,0,0,0,0,0,0,0,0,71,0,0,0,0,0,0,0,71,No,
Sm_Sal_Volkswagen,Golf Mk2,CL,234,0,0,0,0,0,0,0,0,234,0,0,0,0,0,0,2,232,Si,
Sm_Sal_Volkswagen,Golf Mk2,Driver,282,0,0,0,0,0,0,0,0,282,0,0,0,0,0,11,91,180,Si,
Sm_Sal_Volkswagen,Golf Mk2,GL,178,0,0,0,0,0,0,0,0,178,0,0,0,0,0,0,8,170,Si,
Sm_Sal_Volkswagen,Golf Mk2,GTI,423,0,0,0,0,0,0,0,0,423,0,0,0,0,0,2,49,372,Si,
Sm_Sal_Volkswagen,Golf Mk2,Ryder,43,0,0,0,0,0,0,0,0,43,0,0,0,0,0,2,41,0,No,
Sm_Sal_Volkswagen,Golf Mk2,Other,348,0,0,0,0,0,0,0,0,348,0,0,0,0,0,0,37,311,Si,
Sm_Sal_Volkswagen,Golf Mk3,CL,556,0,0,0,0,0,0,0,5,556,22,52,41,88,183,165,0,0,Si,
Sm_Sal_Volkswagen,Golf Mk3,Driver,69,0,0,0,0,0,0,0,0,69,0,0,13,35,6,15,0,0,No,
Sm_Sal_Volkswagen,Golf Mk3,GL,161,0,0,0,0,0,0,0,5,161,21,21,25,27,20,42,0,0,Si,
Sm_Sal_Volkswagen,Golf Mk3,GTI,288,0,0,0,0,0,0,0,12,288,50,44,61,24,34,63,0,0,Si,
Sm_Sal_Volkswagen,Golf Mk3,SE,30,0,0,0,0,0,0,0,2,30,2,26,0,0,0,0,0,0,No,
Sm_Sal_Volkswagen,Golf Mk3,Other,501,0,0,0,0,0,0,0,5,501,70,66,116,130,80,34,0,0,Si,
Sm_Sal_Volkswagen,Golf Mk4,E,149,0,1,12,35,25,18,31,27,149,0,0,0,0,0,0,0,0,Si,
Sm_Sal_Volkswagen,Golf Mk4,GTI,663,43,7,25,70,120,172,186,40,663,0,0,0,0,0,0,0,0,Si,
Sm_Sal_Volkswagen,Golf Mk4,Match,108,0,10,96,2,0,0,0,0,108,0,0,0,0,0,0,0,0,Si,
Sm_Sal_Volkswagen,Golf Mk4,S,430,39,42,7,62,61,56,108,55,430,0,0,0,0,0,0,0,0,Si,
Sm_Sal_Volkswagen,Golf Mk4,SE,492,45,106,19,76,67,64,80,35,492,0,0,0,0,0,0,0,0,Si,
Sm_Sal_Volkswagen,Golf Mk4,Other,1030,81,160,143,211,163,127,93,52,1030,0,0,0,0,0,0,0,0,Si,
Sm_Sal_Volkswagen,Jetta,All,105,0,0,0,0,0,0,0,0,105,0,0,0,0,0,2,10,93,Si,
Sm_Sal_Volkswagen,Vento,All,61,0,0,0,0,0,0,0,0,61,2,5,13,18,17,6,0,0,No,
Sm_Sal_Volvo,340,All,221,0,0,0,0,0,0,0,0,221,0,0,0,0,0,0,33,188,Si,
Sm_Sal_Volvo,360,All,24,0,0,0,0,0,0,0,0,24,0,0,0,0,0,0,0,24,No,
Sm_Sal_Volvo,440,All,433,0,0,0,0,0,0,0,0,433,0,28,61,71,93,78,47,55,Si,
Sm_Sal_Volvo,460,All,103,0,0,1,2,0,0,0,0,103,0,9,21,7,19,17,17,10,Si,
Sm_Sal_Volvo,480,All,63,0,0,0,0,0,0,0,0,63,0,0,2,4,4,17,8,28,No,
Med_Sal_Alfa Romeo,75& 2000& Alfetta& Giulietta,All,8,0,0,0,0,0,0,0,0,8,0,0,0,0,0,2,0,6,No,
Med_Sal_Alfa Romeo,155& 156,All,298,3,11,18,21,48,60,63,50,298,3,5,2,2,4,8,0,0,Si,
Med_Sal_Alfa Romeo,GT,All,10,3,7,0,0,0,0,0,0,10,0,0,0,0,0,0,0,0,No,
Med_Sal_Audi,80,All,407,0,0,0,0,0,0,0,0,407,0,0,7,81,67,81,42,129,Si,
Med_Sal_Audi,90,All,36,0,0,0,0,1,0,0,0,36,0,0,0,0,0,0,6,29,No,
Med_Sal_Audi,A4& Avant,All,1317,99,192,174,141,129,62,81,90,1317,112,139,92,2,2,2,0,0,Si,
Med_Sal_Austin/Morris,Montego,All& MG,76,0,0,0,0,0,0,0,1,76,0,2,0,0,0,0,0,73,Si,
Med_Sal_BMW,316,All,1189,4,30,41,57,56,65,62,55,1189,83,82,78,132,81,100,87,176,Si,
Med_Sal_BMW,318,All,1935,11,55,88,101,85,149,154,96,1935,117,139,133,194,146,166,121,180,Si,
Med_Sal_BMW,320,All,1022,43,82,88,82,79,22,3,7,1022,2,17,37,65,83,126,62,224,Si,
Med_Sal_BMW,323,All,295,0,0,0,2,0,62,84,48,295,59,19,11,0,0,0,0,10,Si,
Med_Sal_BMW,325,All,794,7,22,37,70,90,19,3,2,794,8,3,21,116,96,58,56,186,Si,
Med_Sal_BMW,328,All,242,0,0,0,0,2,22,36,42,242,34,69,37,0,0,0,0,0,Si,
Med_Sal_BMW,330,All,349,14,49,68,92,90,36,0,0,349,0,0,0,0,0,0,0,0,Si,
Med_Sal_BMW,M3,All,215,8,27,43,41,12,2,10,10,215,14,17,11,14,2,0,0,4,Si,
Med_Sal_Chrysler,Neon,All,83,0,0,4,2,3,14,3,23,83,20,14,0,0,0,0,0,0,Si,
Med_Sal_Citroen,Bx,All,154,0,0,0,0,0,0,0,0,154,0,0,0,2,6,38,37,71,Si,
Med_Sal_Citroen,C5,All,78,3,6,16,30,23,0,0,0,78,0,0,0,0,0,0,0,0,Si,
Med_Sal_Citroen,Xantia,All,516,0,0,0,0,5,25,23,51,516,44,57,87,154,70,0,0,0,Si,
Med_Sal_Daewoo,Espero,All,110,0,0,0,0,0,0,0,0,110,24,52,34,0,0,0,0,0,Si,
Med_Sal_Daewoo,Nubira,All,84,0,0,0,0,3,17,26,33,84,5,0,0,0,0,0,0,0,Si,
Med_Sal_Fiat Auto,Marea& Weekend,All,127,0,0,0,0,5,21,24,33,127,44,0,0,0,0,0,0,0,Si,
Med_Sal_Fiat Auto,Tempra,All,59,0,0,0,0,0,0,0,0,59,0,0,11,14,18,8,6,2,Si,
Med_Sal_Ford Corporation,Cortina& Taunus,All,40,0,1,0,0,0,0,0,2,40,0,0,0,0,0,0,0,37,No,
Med_Sal_Ford Corporation,Mondeo,GHIA,647,20,39,50,47,71,22,34,55,647,88,80,46,54,41,0,0,0,Si,
Med_Sal_Ford Corporation,Mondeo,GLX,787,0,0,0,3,0,14,47,48,787,63,62,126,241,183,0,0,0,Si,
Med_Sal_Ford Corporation,Mondeo,LX,2560,38,52,53,77,150,92,97,198,2560,238,234,376,556,399,0,0,0,Si,
Med_Sal_Ford Corporation,Mondeo,SI,161,0,0,0,0,0,0,3,22,161,27,23,16,27,43,0,0,0,Si,
Med_Sal_Ford Corporation,Mondeo,Zetec,449,31,56,53,82,107,75,45,0,449,0,0,0,0,0,0,0,0,Si,
Med_Sal_Ford Corporation,Mondeo,Other,656,28,32,25,29,28,35,36,70,656,42,68,106,105,52,0,0,0,Si,
Med_Sal_Ford Corporation,Sierra,GHIA,190,0,0,0,0,0,0,0,0,190,0,0,0,0,6,34,23,127,Si,
Med_Sal_Ford Corporation,Sierra,GL,86,0,0,0,0,0,0,0,0,86,0,0,0,0,0,0,0,86,Si,
Med_Sal_Ford Corporation,Sierra,GLS,83,0,0,0,0,0,0,0,0,83,0,0,0,0,2,15,21,45,Si,
Med_Sal_Ford Corporation,Sierra,GLX,129,0,0,0,0,0,0,0,0,129,0,0,0,0,4,28,48,49,Si,
Med_Sal_Ford Corporation,Sierra,GT,12,0,0,0,0,0,0,0,0,12,0,0,0,0,4,8,0,0,No,
Med_Sal_Ford Corporation,Sierra,L,163,0,0,0,0,0,0,0,0,163,0,0,0,0,0,0,0,163,Si,
Med_Sal_Ford Corporation,Sierra,LX,466,0,0,0,0,0,0,0,0,466,0,0,0,0,20,141,148,157,Si,
Med_Sal_Ford Corporation,Sierra / Sierra Sapphire,RS Cosworth,82,0,0,0,0,0,0,0,0,82,0,0,0,0,0,2,0,80,Si,
Med_Sal_Ford Corporation,Sierra,XR4I,86,0,0,0,0,0,0,0,0,86,0,0,0,0,0,2,6,78,Si,
Med_Sal_Ford Corporation,Sierra,Other,363,0,0,0,0,0,1,0,2,363,0,0,0,0,67,126,98,69,Si,
Med_Sal_Ford Corporation,Sierra Sapphire,Cosworth,42,0,0,0,0,0,0,0,0,42,0,0,0,0,2,9,21,10,No,
Med_Sal_Ford Corporation,Sierra Sapphire,GHIA,75,0,0,0,0,0,0,0,0,75,0,0,0,0,2,17,13,43,Si,
Med_Sal_Ford Corporation,Sierra Sapphire,GL,43,0,0,0,0,0,0,0,0,43,0,0,0,0,0,2,0,41,No,
Med_Sal_Ford Corporation,Sierra Sapphire,GLS,105,0,0,0,0,0,0,0,0,105,0,0,0,0,4,15,21,65,Si,
Med_Sal_Ford Corporation,Sierra Sapphire,GLX,127,0,0,0,0,0,0,0,0,127,0,0,0,0,4,32,44,47,Si,
Med_Sal_Ford Corporation,Sierra Sapphire,L,49,0,0,0,0,0,0,0,0,49,0,0,0,0,0,0,0,49,No,
Med_Sal_Ford Corporation,Sierra Sapphire,LX,346,0,0,0,0,0,0,0,0,346,0,0,0,0,18,89,96,143,Si,
Med_Sal_Ford Corporation,Sierra Sapphire& Sapphire,Other& All,192,0,0,0,0,0,0,0,0,192,0,0,0,0,39,62,50,41,Si,
Med_Sal_Honda,Accord& Accord Aerodeck,All,1260,15,36,29,23,51,60,83,63,1260,70,90,124,138,105,64,83,226,Si,
Med_Sal_Honda,Integra& Quintet,Other& All,29,0,1,0,0,0,0,1,0,29,0,0,0,0,0,0,0,27,No,
Med_Sal_Hyundai,Elantra,All,16,1,3,6,3,3,0,0,0,16,0,0,0,0,0,0,0,0,No,
Med_Sal_Hyundai,Lantra,All,163,0,0,0,0,0,8,8,15,163,15,26,32,31,15,9,4,0,Si,
Med_Sal_Hyundai,Sonata,All,43,0,1,0,2,2,2,2,8,43,3,3,9,11,0,0,0,0,No,
Med_Sal_Kia,Shuma,All,40,0,0,4,3,17,11,5,0,40,0,0,0,0,0,0,0,0,No,
Med_Sal_Lexus,IS200,All,241,4,4,29,32,50,81,41,0,241,0,0,0,0,0,0,0,0,Si,
Med_Sal_Lexus,IS300,All,11,0,0,3,6,2,0,0,0,11,0,0,0,0,0,0,0,0,No,
Med_Sal_Mazda,6,All,100,20,37,32,11,0,0,0,0,100,0,0,0,0,0,0,0,0,Si,
Med_Sal_Mazda,626,All,376,0,0,0,3,6,8,8,18,376,22,26,27,47,46,43,38,84,Si,
Med_Sal_Mazda,Xedos 6,All,52,0,0,0,0,0,0,2,0,52,3,7,12,9,15,4,0,0,Si,
Med_Sal_Mercedes,190,All,672,0,0,3,0,2,2,0,7,672,2,0,0,2,35,53,54,512,Si,
Med_Sal_Mercedes,C Class,All,1335,109,131,153,145,133,79,70,83,1335,119,101,114,85,13,0,0,0,Si,
Med_Sal_MG,ZS,All,90,7,19,16,33,15,0,0,0,90,0,0,0,0,0,0,0,0,Si,
Med_Sal_Mitsubishi/Colt,Carisma& Eclipse,All,155,0,0,12,5,9,13,23,25,155,59,9,0,0,0,0,0,0,Si,
Med_Sal_Mitsubishi/Colt,Galant,All,163,0,0,3,3,5,14,8,15,163,8,9,5,13,9,17,19,35,Si,
Med_Sal_Mitsubishi/Colt,Lancer,All,111,22,26,7,5,6,3,3,2,111,2,0,0,0,9,6,8,12,Si,
Med_Sal_Nissan/Datsun,Bluebird,All,702,0,0,0,0,0,0,0,0,702,0,0,2,0,0,0,10,690,Si,
Med_Sal_Nissan/Datsun,Primera,All,1419,11,17,22,42,48,49,68,70,1419,73,106,131,210,235,221,106,10,Si,
Med_Sal_Perodua,Nippa,All,9,0,0,0,0,2,3,2,2,9,0,0,0,0,0,0,0,0,No,
Med_Sal_Peugeot,304& 305& 404,All,8,0,0,0,0,0,0,0,0,8,0,0,0,0,0,0,0,8,No,
Med_Sal_Peugeot,405,GL,106,0,0,0,0,0,0,0,0,106,0,0,0,22,11,15,33,25,Si,
Med_Sal_Peugeot,405,GLD,93,0,0,0,0,0,0,0,0,93,0,0,0,9,35,23,12,14,Si,
Med_Sal_Peugeot,405,GLDT,92,0,0,0,0,1,0,0,0,92,0,0,0,7,46,34,4,0,Si,
Med_Sal_Peugeot,405,GLX,184,0,0,0,0,0,0,0,0,184,0,12,94,78,0,0,0,0,Si,
Med_Sal_Peugeot,405,GR,66,0,0,0,0,0,0,0,0,66,0,0,0,2,2,19,12,31,Si,
Med_Sal_Peugeot,405,GRD,22,0,0,0,0,0,0,0,0,22,0,0,0,0,4,6,2,10,No,
Med_Sal_Peugeot,405,GRDT,63,0,0,0,0,0,0,0,0,63,0,0,0,2,30,19,12,0,Si,
Med_Sal_Peugeot,405,GTDT,0,0,0,0,0,0,0,0,0,0,0,0,0,0,0,0,0,0,No,
Med_Sal_Peugeot,405,GTX,43,0,0,0,0,0,0,0,0,43,0,2,20,11,2,4,2,2,No,
Med_Sal_Peugeot,405,GTX DT,0,0,0,0,0,0,0,0,0,0,0,0,0,0,0,0,0,0,No,
Med_Sal_Peugeot,405,SRI,27,0,0,0,0,0,0,0,0,27,0,0,0,0,7,8,6,6,No,
Med_Sal_Peugeot,405,Style,80,0,0,0,0,0,0,0,0,80,0,5,5,31,20,11,8,0,Si,
Med_Sal_Peugeot,405,Other,125,0,0,0,0,0,0,0,0,125,2,16,11,20,35,23,6,12,Si,
Med_Sal_Peugeot,406,All,1151,0,10,24,59,96,155,216,203,1151,214,174,0,0,0,0,0,0,Si,
Med_Sal_Peugeot,407,All,71,42,29,0,0,0,0,0,0,71,0,0,0,0,0,0,0,0,Si,
Med_Sal_Proton,Impian,All,5,0,0,0,0,5,0,0,0,5,0,0,0,0,0,0,0,0,No,
Med_Sal_Renault,21& Savanna,All,125,0,0,0,0,0,0,0,0,125,0,2,4,9,22,26,17,45,Si,
Med_Sal_Renault,Laguna,All,1188,8,27,29,56,73,71,94,140,1188,151,194,216,129,0,0,0,0,Si,
Med_Sal_Rover Cars,75,All,266,7,37,15,30,51,87,39,0,266,0,0,0,0,0,0,0,0,Si,
Med_Sal_Rover Cars,618,All,69,0,0,0,0,0,0,10,15,69,27,17,0,0,0,0,0,0,Si,
Med_Sal_Rover Cars,620,All,583,0,0,0,0,0,0,19,28,583,63,83,151,145,94,0,0,0,Si,
Med_Sal_Rover Cars,623,All,53,0,0,0,0,0,0,2,2,53,0,2,18,25,4,0,0,0,Si,
Med_Sal_Rover Cars,Montego,All,257,0,0,0,0,0,0,1,0,257,0,0,12,100,44,32,31,37,Si,
Med_Sal_Seat,Toledo,All,104,3,3,3,3,8,10,5,5,104,10,12,2,14,15,11,0,0,Si,
Med_Sal_Skoda,Octavia,All,230,14,32,49,45,45,19,16,10,230,0,0,0,0,0,0,0,0,Si,
Med_Sal_Subaru,1.6& 1.8,All,12,0,0,0,0,0,0,0,0,12,0,0,0,0,0,2,2,8,No,
Med_Sal_Subaru,Legacy,All,231,0,7,3,3,3,6,5,17,231,8,7,16,22,57,34,23,20,Si,
Med_Sal_Suzuki,Liana,All,6,3,0,1,2,0,0,0,0,6,0,0,0,0,0,0,0,0,No,
Med_Sal_Toyota,Avensis,All,468,24,52,46,33,79,63,78,93,468,0,0,0,0,0,0,0,0,Si,
Med_Sal_Toyota,Carina,All,1193,0,0,0,0,0,3,2,5,1193,90,130,197,149,165,117,117,218,Si,
Med_Sal_Triumph,2.5& 2500& Sprint& Toledo& Vitesse,All,2,0,0,0,0,0,0,0,0,2,0,0,0,0,0,0,0,2,No,
Med_Sal_Triumph,Dolomite,All,6,0,0,0,0,0,0,0,0,6,0,0,0,0,0,0,0,6,No,
Med_Sal_Vauxhall,Cavalier,Envoy,103,0,0,0,0,0,0,1,0,103,0,0,12,47,37,6,0,0,Si,
Med_Sal_Vauxhall,Cavalier,GL& GLD,583,0,0,0,0,0,0,0,0,583,0,0,0,0,0,104,167,312,Si,
Med_Sal_Vauxhall,Cavalier,GLI,278,0,0,0,0,0,0,0,0,278,0,0,0,0,0,117,73,88,Si,
Med_Sal_Vauxhall,Cavalier,GLS& GLS I,496,0,0,0,0,0,0,0,0,496,0,0,101,154,189,36,0,16,Si,
Med_Sal_Vauxhall,Cavalier,L,1345,0,0,0,0,0,0,0,0,1345,0,1,0,0,2,398,350,594,Si,
Med_Sal_Vauxhall,Cavalier,LI,200,0,0,0,0,0,0,0,0,200,0,0,0,0,6,58,63,73,Si,
Med_Sal_Vauxhall,Cavalier,LS,1043,0,0,0,0,0,0,0,0,1043,0,0,181,366,396,100,0,0,Si,
Med_Sal_Vauxhall,Cavalier,SR& SRI,496,0,0,0,0,0,0,0,0,496,0,0,16,36,61,130,96,157,Si,
Med_Sal_Vauxhall,Cavalier,Other& LX& LXI,940,0,0,0,0,0,0,0,0,940,0,0,78,81,113,275,142,251,Si,
Med_Sal_Vauxhall,Vectra,Elegance,44,0,7,19,18,0,0,0,0,44,0,0,0,0,0,0,0,0,No,
Med_Sal_Vauxhall,Vectra,Elite,28,4,6,10,8,0,0,0,0,28,0,0,0,0,0,0,0,0,No,
Med_Sal_Vauxhall,Vectra,Envoy,89,1,0,0,0,0,6,11,20,89,15,36,0,0,0,0,0,0,Si,
Med_Sal_Vauxhall,Vectra,GLS,534,0,0,0,0,0,36,36,85,534,139,215,23,0,0,0,0,0,Si,
Med_Sal_Vauxhall,Vectra,GSI,39,0,0,2,9,3,8,15,2,39,0,0,0,0,0,0,0,0,No,
Med_Sal_Vauxhall,Vectra,LS,1695,1,66,75,71,136,182,187,261,1695,338,339,39,0,0,0,0,0,Si,
Med_Sal_Vauxhall,Vectra,SRI,545,32,29,22,35,70,94,63,75,545,66,50,9,0,0,0,0,0,Si,
Med_Sal_Vauxhall,Vectra,Other,783,62,60,57,30,54,95,89,145,783,104,78,9,0,0,0,0,0,Si,
Med_Sal_Vauxhall,Viva,All,2,0,0,0,0,0,0,0,0,2,0,0,0,0,0,0,0,2,No,
Med_Sal_Volkswagen,Bora,All,208,8,23,21,26,36,57,37,0,208,0,0,0,0,0,0,0,0,Si,
Med_Sal_Volkswagen,Passat,All,1282,55,96,91,121,136,125,109,149,1282,97,33,34,54,24,47,33,78,Si,
Med_Sal_Volvo,S40& V40,All,441,18,32,22,32,54,56,73,76,441,59,19,0,0,0,0,0,0,Si,
Lar_Sal_Alfa Romeo,164& 166& Alfa,All,46,0,2,0,0,6,9,8,0,46,0,0,2,6,5,0,3,5,No,
Lar_Sal_Audi,100& 200,All,113,0,0,0,0,0,0,0,0,113,0,0,0,11,16,22,19,45,Si,
Lar_Sal_Audi,A6& S6,All,346,33,31,22,29,43,37,39,33,346,31,20,22,6,0,0,0,0,Si,
Lar_Sal_Audi,Cabriolet& Coupe,All,123,0,0,0,0,2,3,5,2,123,2,16,11,31,6,9,5,31,Si,
Lar_Sal_BMW,518,All,103,0,0,0,0,0,0,0,0,103,0,5,9,6,5,19,19,40,Si,
Lar_Sal_BMW,520,All,387,0,16,16,12,19,20,19,25,387,28,19,9,12,17,29,37,109,Si,
Lar_Sal_BMW,523,All,133,0,0,0,1,0,12,23,43,133,34,20,0,0,0,0,0,0,Si,
Lar_Sal_BMW,525,All,356,11,25,36,19,22,3,2,5,356,14,6,25,23,20,20,16,109,Si,
Lar_Sal_BMW,528,All,82,0,0,0,0,0,16,12,11,82,12,19,0,0,0,0,0,12,Si,
Lar_Sal_BMW,530,All,192,2,42,33,26,29,11,8,0,192,0,3,2,5,5,0,0,26,Si,
Lar_Sal_BMW,535,All,69,8,5,0,0,2,5,8,3,69,11,0,0,0,0,2,3,22,Si,
Lar_Sal_BMW,540& 545,All,28,0,0,3,0,0,3,5,6,28,3,3,0,0,5,0,0,0,No,
Lar_Sal_BMW,M5,All,34,2,0,0,3,12,3,5,0,34,1,0,0,2,0,0,0,6,No,
Lar_Sal_Citroen,CX,All,2,0,0,0,0,0,0,0,0,2,0,0,0,0,0,0,0,2,No,
Lar_Sal_Citroen,XM,All,36,0,0,0,0,0,0,0,2,36,2,2,2,6,8,6,0,8,No,
Lar_Sal_Daewoo,Leganza,All,51,0,0,0,2,0,3,17,20,51,9,0,0,0,0,0,0,0,No,
Lar_Sal_Ford Corporation,Granada Mk1& Mk2& Mk3,Executive,5,0,0,0,0,0,0,0,0,5,0,0,0,5,0,0,0,0,No,
Lar_Sal_Ford Corporation,Granada Mk1& Mk2& Mk3,GHIA,242,0,0,0,0,0,0,0,0,242,0,0,2,9,26,12,47,146,Si,
Lar_Sal_Ford Corporation,Granada Mk1& Mk2& Mk3,GL& GLS,68,0,0,0,2,0,0,0,0,68,0,0,0,0,0,0,6,60,Si,
Lar_Sal_Ford Corporation,Granada Mk1& Mk2& Mk3,GLX,21,0,0,0,0,0,0,0,0,21,0,0,0,2,8,9,2,0,No,
Lar_Sal_Ford Corporation,Granada Mk1& Mk2& Mk3,LX,28,0,0,0,0,0,0,0,0,28,0,0,0,5,6,3,8,6,No,
Lar_Sal_Ford Corporation,Granada Mk1& Mk2& Mk3,Scorpio,205,0,0,0,0,0,0,0,0,205,0,2,0,34,47,29,28,65,Si,
Lar_Sal_Ford Corporation,Granada Mk1& Mk2& Mk3,Other& L,15,0,0,0,0,0,0,0,0,15,0,0,0,0,0,1,0,14,No,
Lar_Sal_Ford Corporation,Scorpio,All,187,0,0,0,0,0,0,0,22,187,36,53,71,5,0,0,0,0,Si,
Lar_Sal_Honda,Legend,All,58,0,2,2,3,0,0,2,3,58,0,5,3,8,5,6,5,14,Si,
Lar_Sal_Hyundai,XG,All,7,0,0,0,2,2,3,0,0,7,0,0,0,0,0,0,0,0,No,
Lar_Sal_Kia,Clarus,All,6,0,0,0,0,0,3,3,0,6,0,0,0,0,0,0,0,0,No,
Lar_Sal_Kia,Magentis,All,2,2,0,0,0,0,0,0,0,2,0,0,0,0,0,0,0,0,No,
Lar_Sal_Mazda,Xedos 9,All,10,0,0,0,0,0,0,0,2,10,0,2,0,6,0,0,0,0,No,
Lar_Sal_Mercedes,200 Series,All,617,0,3,3,0,0,3,2,6,617,3,2,0,2,0,43,26,524,Si,
Lar_Sal_Mercedes,300 Series,All,352,0,2,0,0,6,2,6,6,352,0,0,0,2,11,25,25,267,Si,
Lar_Sal_Mercedes,400 Series,All,28,0,0,0,0,0,0,0,2,28,0,0,0,0,0,2,2,22,No,
Lar_Sal_Mercedes,500 Series,All,7,0,0,0,0,0,0,0,0,7,0,0,0,0,0,2,2,3,No,
Lar_Sal_Mercedes,E Class,All,995,43,101,126,60,67,59,64,67,995,96,79,101,98,34,0,0,0,Si,
Lar_Sal_MG,ZT And ZT-T,All,93,8,22,26,26,11,0,0,0,93,0,0,0,0,0,0,0,0,Si,
Lar_Sal_Mitsubishi/Colt,Sapporo& Sigma,All,8,0,0,0,0,0,0,0,0,8,0,0,3,0,5,0,0,0,No,
Lar_Sal_Nissan/Datsun,280c& 300c& Laurel& Skyline,All,25,4,2,3,0,0,3,2,0,25,0,0,0,0,0,0,0,11,No,
Lar_Sal_Nissan/Datsun,Maxima,All,18,0,0,0,0,0,0,1,0,18,2,0,2,2,6,0,0,5,No,
Lar_Sal_Nissan/Datsun,QX,All,0,0,0,0,0,0,0,0,0,0,0,0,0,0,0,0,0,0,No,
Lar_Sal_Peugeot,504& 505,All,40,0,0,2,2,0,0,0,0,40,0,0,0,0,0,0,5,31,No,
Lar_Sal_Peugeot,604& 605,All,30,0,0,0,0,0,0,0,0,30,0,0,5,2,5,8,8,2,No,
Lar_Sal_Peugeot,607,All,16,0,3,2,6,3,2,0,0,16,0,0,0,0,0,0,0,0,No,
Lar_Sal_Renault,25& 30,All,31,0,0,0,0,0,0,0,0,31,0,0,0,0,0,3,6,22,No,
Lar_Sal_Renault,Safrane,All,38,0,0,0,0,0,0,2,0,38,11,0,6,11,8,0,0,0,No,
Lar_Sal_Renault,Vel Satis,All,2,0,0,2,0,0,0,0,0,2,0,0,0,0,0,0,0,0,No,
Lar_Sal_Rover Cars,2000& 2200& 2300& 2400& 2600& 3.5& 3500,All,20,0,0,0,0,0,0,0,0,20,0,0,0,0,0,0,0,20,No,
Lar_Sal_Rover Cars,60& 75& 80& 90& 95& 105& 110& V8,All,41,0,0,2,5,0,2,5,1,41,5,2,2,0,1,0,0,16,No,
Lar_Sal_Rover Cars,Sterling& Vitesse& 800,All,382,0,0,0,0,0,0,6,12,382,25,40,54,59,64,43,25,54,Si,
Lar_Sal_Saab,90& 99,All,3,0,0,0,0,0,0,0,0,3,0,0,0,0,0,0,0,3,No,
Lar_Sal_Saab,900,All,304,0,0,0,0,0,0,0,6,304,45,40,40,19,8,22,20,104,Si,
Lar_Sal_Saab,9000,All,236,0,0,0,0,0,0,0,5,236,17,29,22,20,33,37,14,59,Si,
Lar_Sal_Saab,9-3,All,335,45,87,39,26,50,43,25,20,335,0,0,0,0,0,0,0,0,Si,
Lar_Sal_Saab,9-5,All,158,8,31,12,25,14,19,26,23,158,0,0,0,0,0,0,0,0,Si,
Lar_Sal_Saab,95/96,All,6,0,1,0,0,0,0,0,0,6,0,0,0,0,0,0,0,5,No,
Lar_Sal_Skoda,Superb,All,11,8,3,0,0,0,0,0,0,11,0,0,0,0,0,0,0,0,No,
Lar_Sal_Vauxhall,Carlton,All,373,0,0,0,0,0,0,0,0,373,0,0,0,9,88,90,48,138,Si,
Lar_Sal_Vauxhall,Cresta& Magnum& Monza& Velox& Ventora& VX,All,2,0,0,0,0,0,0,0,0,2,0,0,0,0,0,0,0,2,No,
Lar_Sal_Vauxhall,Omega,All,595,0,0,11,20,29,43,62,101,595,70,90,96,73,0,0,0,0,Si,
Lar_Sal_Vauxhall,Royale& Viceroy& Senator,All,75,0,0,0,0,0,0,0,0,75,0,0,0,3,8,14,17,33,Si,
Lar_Sal_Vauxhall,Signum,All,42,3,23,16,0,0,0,0,0,42,0,0,0,0,0,0,0,0,No,
Lar_Sal_Volvo,140& 160& 262,All,0,0,0,0,0,0,0,0,0,0,0,0,0,0,0,0,0,0,No,
Lar_Sal_Volvo,240& 260,All,150,0,0,0,0,0,1,0,0,150,0,0,0,0,3,8,6,132,Si,
Lar_Sal_Volvo,740,All,247,0,0,0,0,0,0,0,0,247,0,0,2,0,0,0,12,233,Si,
Lar_Sal_Volvo,760,All,52,0,0,0,0,0,0,0,0,52,0,1,0,0,0,0,0,51,No,
Lar_Sal_Volvo,850,All,191,0,0,0,0,0,0,0,0,191,8,42,42,65,31,3,0,0,Si,
Lar_Sal_Volvo,940& S90,All,134,0,0,0,0,0,0,0,3,134,6,5,6,14,22,42,36,0,Si,
Lar_Sal_Volvo,960& V90,All,32,0,0,0,0,0,0,0,0,32,0,5,11,2,0,6,5,3,No,
Lar_Sal_Volvo,C70& S70& V70,All,291,14,29,37,40,39,28,37,34,291,33,0,0,0,0,0,0,0,Si,
Lar_Sal_Volvo,S60,All,129,11,29,23,33,28,5,0,0,129,0,0,0,0,0,0,0,0,Si,
Lar_Sal_Volvo,S80,All,98,6,9,6,14,16,19,20,8,98,0,0,0,0,0,0,0,0,Si,
Lar_Sal_Volvo,V50,All,0,0,0,0,0,0,0,0,0,0,0,0,0,0,0,0,0,0,No,
Lux_Sal_Audi,A8& S8& V8,All,71,5,11,5,0,9,2,5,7,71,13,4,4,2,0,2,0,2,Si,
Lux_Sal_Bentley,,All,35,0,7,2,0,0,0,2,2,35,2,2,0,2,0,0,2,14,No,
Lux_Sal_BMW,728& 732,All,58,0,0,2,2,9,5,11,7,58,4,14,0,0,0,0,0,4,Si,
Lux_Sal_BMW,730,All,107,5,5,5,0,0,0,0,0,107,0,2,11,11,5,9,2,52,Si,
Lux_Sal_BMW,735,All,71,0,0,5,5,0,2,4,4,71,4,4,0,0,0,5,7,31,Si,
Lux_Sal_BMW,740,All,52,0,0,0,0,0,4,4,9,52,13,2,9,7,2,2,0,0,Si,
Lux_Sal_BMW,745,All,9,0,2,2,5,0,0,0,0,9,0,0,0,0,0,0,0,0,No,
Lux_Sal_BMW,750,All,21,0,0,0,0,0,0,0,2,21,0,4,4,0,0,0,2,9,No,
Lux_Sal_Daimler,,All,66,0,0,0,0,0,4,0,4,66,2,0,0,0,0,0,4,52,Si,
Lux_Sal_Jaguar Cars,Sovereign& XJ& XJR& XJ8,All,421,2,16,5,0,7,2,23,39,421,20,23,34,20,32,20,25,153,Si,
Lux_Sal_Jaguar Cars,S-Type,All,235,5,32,20,32,31,54,61,0,235,0,0,0,0,0,0,0,0,Si,
Lux_Sal_Lexus,GS300,All,85,4,0,2,0,2,7,16,9,85,5,18,4,16,2,0,0,0,Si,
Lux_Sal_Lexus,GS430& LS430,All,16,4,0,4,0,4,4,0,0,16,0,0,0,0,0,0,0,0,No,
Lux_Sal_Lexus,LS400,All,49,0,0,0,0,0,0,4,2,49,4,4,2,2,13,11,2,5,Si,
Lux_Sal_Mercedes,S Class,All,344,23,45,43,48,23,43,31,11,344,16,22,16,16,7,0,0,0,Si,
Lux_Sal_Rolls-Royce,,All,38,0,0,0,0,0,2,0,2,38,0,0,0,0,0,0,0,34,Si,
Lux_Sal_Volvo,XC70,All,8,2,4,2,0,0,0,0,0,8,0,0,0,0,0,0,0,0,No,
Sport_Alfa Romeo,Alfasud& GTV& Spider& Sprint,All,114,2,0,4,2,4,8,24,10,114,36,20,0,0,0,0,0,4,Si,
Sport_Audi,Quattro,All,14,0,0,0,0,0,0,0,0,14,0,0,0,2,0,0,0,12,No,
Sport_Audi,S (S3 Quatrro and S4 Quattro),All,140,6,10,20,16,34,32,16,6,140,0,0,0,0,0,0,0,0,Si,
Sport_Audi,TT,All,559,28,77,97,134,126,79,18,0,559,0,0,0,0,0,0,0,0,Si,
Sport_BMW,6 Series& 8 Series,All,62,6,0,0,0,0,0,4,2,62,0,0,6,8,0,4,6,26,Si,
Sport_BMW,M (M Roadster and M Coupe),All,10,0,0,0,0,0,4,2,4,10,0,0,0,0,0,0,0,0,No,
Sport_BMW,Z3,All,120,0,0,2,12,12,26,26,16,120,26,0,0,0,0,0,0,0,Si,
Sport_BMW,Z4,All,62,12,22,28,0,0,0,0,0,62,0,0,0,0,0,0,0,0,Si,
Sport_Chrysler,Crossfire,All,20,0,12,8,0,0,0,0,0,20,0,0,0,0,0,0,0,0,No,
Sport_Fiat Auto,Barchetta& Coupe,All,70,0,0,0,0,0,6,16,12,70,20,10,6,0,0,0,0,0,Si,
Sport_Fiat Auto,Dino& X1/9,All,8,0,0,0,0,0,0,0,0,8,0,0,0,0,0,0,0,8,No,
Sport_Ford Corporation,Capri,All,67,0,0,0,0,0,0,0,0,67,2,0,0,0,0,0,0,65,Si,
Sport_Ford Corporation,Cougar,All,60,0,0,0,2,6,16,32,4,60,0,0,0,0,0,0,0,0,No,
Sport_Ford Corporation,Probe,All,104,0,0,0,0,0,0,0,0,104,4,16,43,41,0,0,0,0,Si,
Sport_Ford Corporation,Puma,All,320,0,0,0,32,67,59,79,61,320,22,0,0,0,0,0,0,0,Si,
Sport_Honda,Civic,CRX,129,0,0,0,1,0,2,5,14,129,4,2,2,10,16,18,4,51,Si,
Sport_Honda,Integra,Type R,14,0,0,4,0,0,0,8,2,14,0,0,0,0,0,0,0,0,No,
Sport_Honda,NSX& Prelude,All,309,0,4,6,4,6,10,12,16,309,26,4,16,12,34,36,20,103,Si,
Sport_Honda,S2000,All,40,4,4,10,4,8,6,4,0,40,0,0,0,0,0,0,0,0,No,
Sport_Hyundai,Coupe& S-Coupe,All,271,6,18,24,22,39,24,22,36,271,24,22,8,2,12,10,0,2,Si,
Sport_Jaguar Cars,X-Type,All,346,24,71,75,97,79,0,0,0,346,0,0,0,0,0,0,0,0,Si,
Sport_Jaguar Cars,E-Type& XJ-S& XJ-SC& XJ 220& XKR,All,95,0,4,2,4,4,6,10,6,95,0,0,0,0,2,8,4,45,Si,
Sport_Jaguar Cars,XK8,All,54,0,2,0,6,4,2,8,6,54,18,8,0,0,0,0,0,0,No,
Sport_Lexus,SC430,All,8,0,0,2,0,6,0,0,0,8,0,0,0,0,0,0,0,0,No,
Sport_Lotus,Eclat& Excel,All,2,0,0,0,0,0,0,0,0,2,0,0,0,0,0,0,0,2,No,
Sport_Lotus,Elan& Elise,All,26,0,0,2,2,0,0,8,2,26,2,0,0,2,0,0,4,4,No,
Sport_Lotus,Esprit,All,6,0,0,0,0,0,0,0,0,6,0,2,0,0,0,0,0,4,No,
Sport_Mazda,MX-3,All,96,0,0,0,0,1,0,3,6,96,8,6,12,12,20,18,10,0,Si,
Sport_Mazda,MX-5,All,239,0,26,26,22,12,20,24,41,239,8,12,12,4,6,8,0,18,Si,
Sport_Mazda,MX-6,All,30,0,0,0,0,0,0,0,0,30,2,2,10,6,2,8,0,0,No,
Sport_Mazda,RX-7,All,19,0,1,1,1,0,2,2,0,19,2,0,0,0,0,2,0,8,No,
Sport_Mazda,RX-8,All,85,20,57,8,0,0,0,0,0,85,0,0,0,0,0,0,0,0,Si,
Sport_Mercedes,CLK,All,460,30,65,69,63,71,57,57,36,460,12,0,0,0,0,0,0,0,Si,
Sport_Mercedes,SLK,All,184,26,34,10,20,24,20,20,16,184,8,6,0,0,0,0,0,0,Si,
Sport_MG,A& C& RV8& TA& TB& TC& TD/TF,All,0,0,0,0,0,0,0,0,0,0,0,0,0,0,0,0,0,0,No,
Sport_MG,B,All,120,0,0,0,0,0,0,0,0,120,0,0,0,0,0,0,0,120,Si,
Sport_MG,MG F,All,378,0,0,4,4,71,73,51,53,378,59,49,14,0,0,0,0,0,Si,
Sport_MG,Midget,All,28,0,0,0,0,0,0,0,0,28,0,0,0,0,0,0,0,28,No,
Sport_MG,TF,All,399,37,142,110,110,0,0,0,0,399,0,0,0,0,0,0,0,0,Si,
Sport_Mitsubishi/Colt,3000& Starion,All,16,0,0,2,0,2,0,0,10,16,2,0,0,0,0,0,0,0,No,
Sport_Nissan/Datsun,200& Silvia,All,119,0,0,0,0,0,6,2,6,119,6,0,10,4,8,12,28,37,Si,
Sport_Nissan/Datsun,280& 300,All,21,1,0,0,0,0,0,4,2,21,0,0,0,0,0,0,8,6,No,
Sport_Nissan/Datsun,350Z,All,34,6,26,2,0,0,0,0,0,34,0,0,0,0,0,0,0,0,No,
Sport_Porsche,911,All,196,10,24,32,26,20,20,8,16,196,10,4,0,2,0,2,0,22,Si,
Sport_Porsche,924,All,26,0,0,0,0,0,0,0,0,26,0,0,0,0,0,0,0,26,No,
Sport_Porsche,928,All,16,0,0,0,0,0,0,0,0,16,0,0,0,0,0,2,0,14,No,
Sport_Porsche,944& 968,All,38,0,2,0,0,0,0,0,0,38,0,0,2,2,2,4,2,24,No,
Sport_Porsche,Boxster,All,160,2,12,26,24,30,18,16,16,160,16,0,0,0,0,0,0,0,Si,
Sport_Porsche,Carrera,All,11,0,0,0,0,0,0,1,0,11,0,0,0,0,0,0,0,10,No,
Sport_Reliant,Sabre& Scimitar,All,45,0,0,0,0,0,0,0,0,45,2,2,0,0,2,2,0,37,No,
Sport_Suzuki,Cappuccino& X-90,All,6,0,0,0,0,0,0,0,0,6,4,2,0,0,0,0,0,0,No,
Sport_Toyota,Celica,All,471,12,36,37,49,71,49,30,34,471,20,20,18,10,6,8,16,55,Si,
Sport_Toyota,MR2,All,322,6,16,26,22,20,37,24,22,322,8,4,6,6,10,18,28,69,Si,
Sport_Toyota,Paseo,All,14,0,0,0,0,0,0,0,0,14,2,12,0,0,0,0,0,0,No,
Sport_Toyota,Supra,All,88,1,1,3,6,4,4,4,2,88,4,2,2,2,0,4,2,47,Si,
Sport_Triumph,GT6& Stag,All,49,0,0,0,0,0,0,0,0,49,0,0,0,0,0,0,0,49,No,
Sport_Triumph,Spitfire& TR,All,40,0,0,0,0,0,0,0,0,40,1,0,0,0,0,0,0,39,No,
Sport_TVR,,All,34,0,4,0,2,2,6,0,4,34,2,0,0,2,0,0,0,12,No,
Sport_Vauxhall,Calibra,All,520,0,0,0,0,2,0,0,8,520,28,32,43,69,105,112,91,30,Si,
Sport_Vauxhall,Manta,All,4,0,0,0,0,0,0,0,0,4,0,0,0,0,0,0,0,4,No,
Sport_Vauxhall,Tigra,All,354,6,8,0,0,0,24,20,49,354,59,81,81,26,0,0,0,0,Si,
Sport_Vauxhall,VX 220,All,8,0,2,4,0,2,0,0,0,8,0,0,0,0,0,0,0,0,No,
Sport_Volkswagen,Corrado,All,63,0,1,0,0,0,0,0,0,63,0,0,6,2,12,4,18,20,Si,
Sport_Volkswagen,Karmann,All,9,0,0,2,0,0,1,0,0,9,0,0,0,0,0,0,0,6,No,
Sport_Volkswagen,Scirocco,All,101,0,4,4,0,0,0,0,0,101,0,0,0,0,0,6,4,83,Si,
Peo_Carr_Audi,A6 Allroad,All,26,3,6,1,6,4,6,0,0,26,0,0,0,0,0,0,0,0,No,
Peo_Carr_BMW,X3,All,46,20,26,0,0,0,0,0,0,46,0,0,0,0,0,0,0,0,No,
Peo_Carr_BMW,X5,All,313,56,67,81,56,52,1,0,0,313,0,0,0,0,0,0,0,0,Si,
Peo_Carr_Chrysler,PT Cruiser,All,41,4,7,6,7,7,10,0,0,41,0,0,0,0,0,0,0,0,No,
Peo_Carr_Chrysler,Voyager& Grand Voyager,All,116,7,16,16,10,22,13,17,9,116,6,0,0,0,0,0,0,0,Si,
Peo_Carr_Citroen,Berlingo,All,56,1,12,19,14,6,4,0,0,56,0,0,0,0,0,0,0,0,No,
Peo_Carr_Citroen,C8,All,6,1,4,1,0,0,0,0,0,6,0,0,0,0,0,0,0,0,No,
Peo_Carr_Citroen,Synergie,All,40,0,0,0,3,3,3,12,6,40,3,7,3,0,0,0,0,0,No,
Peo_Carr_Citroen,Xsara,Picasso,282,32,58,49,64,56,23,0,0,282,0,0,0,0,0,0,0,0,Si,
Peo_Carr_Daewoo,Tacuma,All,21,0,9,4,1,6,1,0,0,21,0,0,0,0,0,0,0,0,No,
Peo_Carr_Daewoo (& Ssangyong),Korando,All,4,0,0,0,0,0,0,1,3,4,0,0,0,0,0,0,0,0,No,
Peo_Carr_Daewoo (& Ssangyong),Musso,All,41,0,0,0,1,1,1,4,4,41,6,14,10,0,0,0,0,0,No,
Peo_Carr_Daihatsu,Fourtrak& Independent,All,253,0,0,0,0,0,1,6,7,253,3,13,20,26,25,32,16,104,Si,
Peo_Carr_Daihatsu,Move& Grand Move,All,11,0,0,0,0,0,1,1,6,11,3,0,0,0,0,0,0,0,No,
Peo_Carr_Daihatsu,Sportrak,All,65,0,0,0,0,0,0,0,1,65,0,1,3,7,10,13,14,16,Si,
Peo_Carr_Daihatsu,Terios,All,16,0,1,0,1,1,1,6,3,16,3,0,0,0,0,0,0,0,No,
Peo_Carr_Fiat Auto,Doblo,All,15,3,4,4,1,3,0,0,0,15,0,0,0,0,0,0,0,0,No,
Peo_Carr_Fiat Auto,Multipla,All,35,1,6,7,6,14,1,0,0,35,0,0,0,0,0,0,0,0,No,
Peo_Carr_Fiat Auto,Ulysse,All,50,0,3,4,0,1,10,12,10,50,7,3,0,0,0,0,0,0,No,
Peo_Carr_Ford Corporation,Explorer,All,35,0,0,0,0,1,4,6,12,35,12,0,0,0,0,0,0,0,No,
Peo_Carr_Ford Corporation,Galaxy,All,499,9,32,45,35,56,38,55,54,499,51,96,28,0,0,0,0,0,Si,
Peo_Carr_Ford Corporation,Maverick,All,122,0,1,4,4,3,0,1,6,122,16,7,25,38,17,0,0,0,Si,
Peo_Carr_Honda,CR-V,All,111,7,19,23,19,4,7,12,14,111,6,0,0,0,0,0,0,0,Si,
Peo_Carr_Honda,FR-V,All,3,3,0,0,0,0,0,0,0,3,0,0,0,0,0,0,0,0,No,
Peo_Carr_Honda,HR-V,All,33,0,3,0,3,1,14,12,0,33,0,0,0,0,0,0,0,0,No,
Peo_Carr_Honda,Shuttle,All,13,0,0,0,0,1,1,7,3,13,1,0,0,0,0,0,0,0,No,
Peo_Carr_Honda,Stream,All,7,0,0,1,6,0,0,0,0,7,0,0,0,0,0,0,0,0,No,
Peo_Carr_Hyundai,Matrix,All,10,1,7,1,0,1,0,0,0,10,0,0,0,0,0,0,0,0,No,
Peo_Carr_Hyundai,Santa Fe,All,26,0,9,7,4,6,0,0,0,26,0,0,0,0,0,0,0,0,No,
Peo_Carr_Hyundai,Terracan,All,5,0,4,1,0,0,0,0,0,5,0,0,0,0,0,0,0,0,No,
Peo_Carr_Hyundai,Trajet,All,10,0,3,3,1,3,0,0,0,10,0,0,0,0,0,0,0,0,No,
Peo_Carr_Hyundai,Tucson,All,10,4,6,0,0,0,0,0,0,10,0,0,0,0,0,0,0,0,No,
Peo_Carr_Isuzu,Trooper,All,426,0,4,4,13,17,25,56,17,426,16,16,14,16,64,38,48,78,Si,
Peo_Carr_Jeep,Cherokee& Grand Cherokee,All,459,10,16,25,25,25,29,39,42,459,54,48,65,38,42,0,0,1,Si,
Peo_Carr_Jeep,Wrangler,All,17,0,1,0,3,0,0,4,3,17,0,0,1,4,0,1,0,0,No,
Peo_Carr_Kia,Carens,All,13,3,4,4,1,1,0,0,0,13,0,0,0,0,0,0,0,0,No,
Peo_Carr_Kia,Sedona,All,86,7,10,17,12,9,25,6,0,86,0,0,0,0,0,0,0,0,Si,
Peo_Carr_Kia,Sorento,All,23,3,14,6,0,0,0,0,0,23,0,0,0,0,0,0,0,0,No,
Peo_Carr_Kia,Sportage,All,44,3,0,3,3,4,3,6,3,44,6,7,6,0,0,0,0,0,No,
Peo_Carr_Lada,Niva,All,2,0,0,0,0,0,0,0,0,2,0,0,0,1,0,0,0,1,No,
Peo_Carr_Landrover,Defender (Estate Model),All,56,17,17,19,3,0,0,0,0,56,0,0,0,0,0,0,0,0,No,
Peo_Carr_Landrover,Discovery,All,1178,36,81,64,55,55,49,55,38,1178,75,75,143,127,109,74,75,67,Si,
Peo_Carr_Landrover,Freelander,All,739,14,64,59,75,127,145,129,125,739,1,0,0,0,0,0,0,0,Si,
Peo_Carr_Landrover,Rangerover,All,866,48,77,58,61,25,20,30,48,866,68,70,56,32,19,22,22,210,Si,
Peo_Carr_Lexus,RX300,All,73,9,23,22,6,9,4,0,0,73,0,0,0,0,0,0,0,0,Si,
Peo_Carr_Mazda,MPV,All,1,0,1,0,0,0,0,0,0,1,0,0,0,0,0,0,0,0,No,
Peo_Carr_Mazda,Tribute,All,2,0,0,1,1,0,0,0,0,2,0,0,0,0,0,0,0,0,No,
Peo_Carr_Mercedes,G-Wagen,All,7,0,0,0,0,0,0,0,0,7,0,0,0,0,0,0,0,7,No,
Peo_Carr_Mercedes,M Class,All,300,14,46,49,55,42,51,36,7,300,0,0,0,0,0,0,0,0,Si,
Peo_Carr_Mercedes,V Class,All,56,1,3,0,6,3,6,7,17,56,13,0,0,0,0,0,0,0,No,
Peo_Carr_Mercedes,Vaneo,All,2,0,1,0,1,0,0,0,0,2,0,0,0,0,0,0,0,0,No,
Peo_Carr_Mitsubishi/Colt,Challenger,All,12,0,0,0,0,0,3,9,0,12,0,0,0,0,0,0,0,0,No,
Peo_Carr_Mitsubishi/Colt,Outlander,All,5,1,4,0,0,0,0,0,0,5,0,0,0,0,0,0,0,0,No,
Peo_Carr_Mitsubishi/Colt,Shogun Pinin,All,14,0,3,1,1,6,3,0,0,14,0,0,0,0,0,0,0,0,No,
Peo_Carr_Mitsubishi/Colt,Shogun Sport,All,50,14,12,10,4,6,4,0,0,50,0,0,0,0,0,0,0,0,No,
Peo_Carr_Mitsubishi/Colt,Shogun,Other,725,13,45,26,19,29,16,19,36,725,41,61,88,68,51,51,62,100,Si,
Peo_Carr_Mitsubishi/Colt,Space Runner& Space Wagon,All,117,0,6,4,4,4,0,4,0,117,3,6,9,13,22,22,10,10,Si,
Peo_Carr_Nissan/Datsun,Almera,Tino,72,7,16,10,19,16,4,0,0,72,0,0,0,0,0,0,0,0,Si,
Peo_Carr_Nissan/Datsun,Patrol,All,44,4,3,0,0,0,0,3,3,44,1,1,4,9,3,1,0,12,No,
Peo_Carr_Nissan/Datsun,Prairie,All,73,0,0,0,0,0,0,0,0,73,1,0,0,0,0,3,20,49,Si,
Peo_Carr_Nissan/Datsun,Serena,All,125,0,0,0,1,1,1,12,14,125,13,13,12,29,29,0,0,0,Si,
Peo_Carr_Nissan/Datsun,Terrano,All,139,3,1,7,3,9,12,9,10,139,4,19,10,45,7,0,0,0,Si,
Peo_Carr_Nissan/Datsun,X-Trail,All,62,9,17,16,19,1,0,0,0,62,0,0,0,0,0,0,0,0,Si,
Peo_Carr_Perodua,Kenari,All,2,1,0,0,0,1,0,0,0,2,0,0,0,0,0,0,0,0,No,
Peo_Carr_Peugeot,806,All,37,0,0,0,6,9,3,6,7,37,3,3,0,0,0,0,0,0,No,
Peo_Carr_Peugeot,807,All,17,3,1,13,0,0,0,0,0,17,0,0,0,0,0,0,0,0,No,
Peo_Carr_Peugeot,Partner Combi,All,16,3,3,1,9,0,0,0,0,16,0,0,0,0,0,0,0,0,No,
Peo_Carr_Porsche,Cayenne,All,57,12,29,16,0,0,0,0,0,57,0,0,0,0,0,0,0,0,No,
Peo_Carr_Renault,Espace& Grand Espace,All,338,14,7,12,13,12,17,10,22,338,9,13,26,52,38,22,16,55,Si,
Peo_Carr_Renault,Kangoo,All,12,1,6,1,0,0,4,0,0,12,0,0,0,0,0,0,0,0,No,
Peo_Carr_Renault,Megane,Scenic,440,3,0,54,61,74,72,70,74,440,32,0,0,0,0,0,0,0,Si,
Peo_Carr_Renault,Scenic& Grand Scenic,All,83,30,49,4,0,0,0,0,0,83,0,0,0,0,0,0,0,0,Si,
Peo_Carr_Seat,Alhambra,All,71,1,13,4,4,9,12,12,7,71,9,0,0,0,0,0,0,0,Si,
Peo_Carr_Seat,Altea,All,10,4,6,0,0,0,0,0,0,10,0,0,0,0,0,0,0,0,No,
Peo_Carr_Ssangyong,Rexton,All,3,0,3,0,0,0,0,0,0,3,0,0,0,0,0,0,0,0,No,
Peo_Carr_Subaru,Forester,All,31,4,1,4,10,3,3,4,1,31,1,0,0,0,0,0,0,0,No,
Peo_Carr_Suzuki,Jimny,All,31,0,3,4,6,4,10,4,0,31,0,0,0,0,0,0,0,0,No,
Peo_Carr_Suzuki,Samurai& Santana& SJ 410& SJ 410Q& SJ 413,All,122,0,0,0,0,0,3,0,0,122,0,0,0,6,0,6,10,97,Si,
Peo_Carr_Suzuki,Vitara& Grand Vitara,All,446,4,9,12,17,23,17,22,22,446,23,30,46,49,67,38,28,39,Si,
Peo_Carr_Toyota,4-Runner,All,17,0,0,0,1,0,0,1,0,17,0,0,7,7,1,0,0,0,No,
Peo_Carr_Toyota,Avensis Verso,All,5,0,0,1,3,1,0,0,0,5,0,0,0,0,0,0,0,0,No,
Peo_Carr_Toyota,Landcruiser,Amazon,71,1,6,9,14,6,12,12,10,71,1,0,0,0,0,0,0,0,Si,
Peo_Carr_Toyota,Landcruiser,Colorado,29,0,0,0,1,4,1,7,6,29,9,1,0,0,0,0,0,0,No,
Peo_Carr_Toyota,Landcruiser,Other,169,9,26,25,4,7,4,6,10,169,6,6,6,10,9,7,9,25,Si,
Peo_Carr_Toyota,Picnic& Previa,All,145,3,7,6,6,13,7,13,13,145,16,7,14,7,9,7,10,7,Si,
Peo_Carr_Toyota,RAV 4,All,163,12,32,17,25,16,4,10,12,163,14,12,6,3,0,0,0,0,Si,
Peo_Carr_Toyota,Spacecruiser,All,78,0,0,0,0,0,0,0,3,78,3,0,0,0,0,0,0,72,Si,
Peo_Carr_Vauxhall,Frontera& Monterey,All,560,0,3,7,3,9,28,36,48,560,43,64,87,103,75,42,12,0,Si,
Peo_Carr_Vauxhall,Meriva,All,66,17,42,7,0,0,0,0,0,66,0,0,0,0,0,0,0,0,Si,
Peo_Carr_Vauxhall,Sintra,All,28,0,0,0,0,0,0,4,10,28,14,0,0,0,0,0,0,0,No,
Peo_Carr_Vauxhall,Zafira,All,570,58,125,125,78,84,74,26,0,570,0,0,0,0,0,0,0,0,Si,
Peo_Carr_Volkswagen,Sharan,All,188,16,12,12,16,16,12,25,26,188,17,33,3,0,0,0,0,0,Si,
Peo_Carr_Volkswagen,Touran,All,47,14,30,3,0,0,0,0,0,47,0,0,0,0,0,0,0,0,No,
Peo_Carr_Volkswagen,Touareg,All,38,13,16,9,0,0,0,0,0,38,0,0,0,0,0,0,0,0,No,
Peo_Carr_Volvo,XC90,All,82,19,41,22,0,0,0,0,0,82,0,0,0,0,0,0,0,0,Si,
